Sp,Estado,Diametro,
Cyonoscion analis,Pg1,40.15139022,
Cyonoscion analis,Pg1,22.3994756,
Cyonoscion analis,Pg1,48.72800784,
Cyonoscion analis,Pg1,55.50243576,
Cyonoscion analis,Pg1,46.71751119,
Cyonoscion analis,Pg1,43.12133275,
Cyonoscion analis,Pg1,57.08787791,
Cyonoscion analis,Pg1,29.47535852,
Cyonoscion analis,Pg1,44.89852094,
Cyonoscion analis,Pg1,44.86135076,
Cyonoscion analis,Pg1,48.23551225,
Cyonoscion analis,Pg1,59.83459663,
Cyonoscion analis,Pg1,42.47166752,
Cyonoscion analis,Pg1,53.97040288,
Cyonoscion analis,Pg1,54.80969383,
Cyonoscion analis,Pg1,48.11961048,
Cyonoscion analis,Pg1,45.93192437,
Cyonoscion analis,Pg1,55.38849047,
Cyonoscion analis,Pg1,47.74278362,
Cyonoscion analis,Pg1,30.0327231,
Cyonoscion analis,Pg1,29.84389209,
Cyonoscion analis,Pg1,45.42254632,
Cyonoscion analis,Pg1,47.39272761,
Cyonoscion analis,Pg1,57.91873728,
Cyonoscion analis,Pg1,38.31559023,
Cyonoscion analis,Pg1,51.80720579,
Cyonoscion analis,Pg1,50.13509741,
Cyonoscion analis,Pg1,38.31493468,
Cyonoscion analis,Pg1,62.94873099,
Cyonoscion analis,Pg1,44.63780154,
Cyonoscion analis,Pg1,30.99372079,
Cyonoscion analis,Pg1,33.32322342,
Cyonoscion analis,Pg1,45.83651349,
Cyonoscion analis,Pg1,59.51784985,
Cyonoscion analis,Pg1,54.33480457,
Cyonoscion analis,Pg1,45.22690335,
Cyonoscion analis,Pg1,30.56652185,
Cyonoscion analis,Pg1,37.8144716,
Cyonoscion analis,Pg1,44.90518742,
Cyonoscion analis,Pg1,42.85994459,
Cyonoscion analis,Pg1,40.58533806,
Cyonoscion analis,Pg1,49.91216532,
Cyonoscion analis,Pg1,36.33016376,
Cyonoscion analis,Pg1,31.73858842,
Cyonoscion analis,Pg1,38.23102763,
Cyonoscion analis,Pg1,41.11378815,
Cyonoscion analis,Pg1,52.07800887,
Cyonoscion analis,Pg1,36.78594886,
Cyonoscion analis,Pg1,32.3706582,
Cyonoscion analis,Pg1,50.34661437,
Cyonoscion analis,Pg2,21.24359205,
Cyonoscion analis,Pg2,65.67048702,
Cyonoscion analis,Pg2,46.11079791,
Cyonoscion analis,Pg2,47.59780057,
Cyonoscion analis,Pg2,57.33495496,
Cyonoscion analis,Pg2,48.0971197,
Cyonoscion analis,Pg2,46.93474666,
Cyonoscion analis,Pg2,47.02586422,
Cyonoscion analis,Pg2,42.69917675,
Cyonoscion analis,Pg2,44.44938082,
Cyonoscion analis,Pg2,55.8762996,
Cyonoscion analis,Pg2,39.26782364,
Cyonoscion analis,Pg2,58.81547941,
Cyonoscion analis,Pg2,79.31790779,
Cyonoscion analis,Pg2,74.74767119,
Cyonoscion analis,Pg2,49.02258728,
Cyonoscion analis,Pg2,27.32885015,
Cyonoscion analis,Pg2,39.45403652,
Cyonoscion analis,Pg2,34.660476,
Cyonoscion analis,Pg2,39.93704549,
Cyonoscion analis,Pg2,64.53226307,
Cyonoscion analis,Pg2,45.75889475,
Cyonoscion analis,Pg2,59.84894995,
Cyonoscion analis,Pg2,48.63287422,
Cyonoscion analis,Pg2,62.96810539,
Cyonoscion analis,Pg2,67.29842724,
Cyonoscion analis,Pg2,63.52435504,
Cyonoscion analis,Pg2,46.54701737,
Cyonoscion analis,Pg2,78.81452027,
Cyonoscion analis,Pg2,70.47498303,
Cyonoscion analis,Pg2,42.97138353,
Cyonoscion analis,Pg2,37.73503022,
Cyonoscion analis,Pg2,78.9154952,
Cyonoscion analis,Pg2,46.94111863,
Cyonoscion analis,Pg2,59.78461358,
Cyonoscion analis,Pg2,42.34413338,
Cyonoscion analis,Pg2,46.21477637,
Cyonoscion analis,Pg2,46.28962301,
Cyonoscion analis,Pg2,41.10992039,
Cyonoscion analis,Pg2,32.6526028,
Cyonoscion analis,Pg2,52.63806188,
Cyonoscion analis,Pg2,47.483889,
Cyonoscion analis,Pg2,53.4291697,
Cyonoscion analis,Pg2,38.16144187,
Cyonoscion analis,Pg2,32.79585441,
Cyonoscion analis,Pg2,49.98417788,
Cyonoscion analis,Pg2,72.84702804,
Cyonoscion analis,Pg2,29.35591564,
Cyonoscion analis,Pg2,43.31205159,
Cyonoscion analis,Pg2,54.65975688,
Cyonoscion analis,CA,121.3253537,
Cyonoscion analis,CA,73.38422164,
Cyonoscion analis,CA,45.3071751,
Cyonoscion analis,CA,47.63668139,
Cyonoscion analis,CA,59.57191747,
Cyonoscion analis,CA,14.07924981,
Cyonoscion analis,CA,68.84687265,
Cyonoscion analis,CA,40.07406226,
Cyonoscion analis,CA,91.12086429,
Cyonoscion analis,CA,60.16136735,
Cyonoscion analis,CA,62.62080931,
Cyonoscion analis,CA,51.62328779,
Cyonoscion analis,CA,55.52812721,
Cyonoscion analis,CA,29.76331601,
Cyonoscion analis,CA,101.3113349,
Cyonoscion analis,CA,84.61119369,
Cyonoscion analis,CA,79.24640991,
Cyonoscion analis,CA,32.84626326,
Cyonoscion analis,CA,100.2078573,
Cyonoscion analis,CA,109.4236137,
Cyonoscion analis,CA,70.22370358,
Cyonoscion analis,CA,18.9210866,
Cyonoscion analis,CA,42.64472349,
Cyonoscion analis,CA,57.16641084,
Cyonoscion analis,CA,87.78698412,
Cyonoscion analis,CA,77.22115093,
Cyonoscion analis,CA,83.01548809,
Cyonoscion analis,CA,69.4577099,
Cyonoscion analis,CA,95.74834087,
Cyonoscion analis,CA,20.65797489,
Cyonoscion analis,CA,43.30161751,
Cyonoscion analis,CA,51.27654996,
Cyonoscion analis,CA,120.6482539,
Cyonoscion analis,CA,36.08212558,
Cyonoscion analis,CA,44.62571797,
Cyonoscion analis,CA,77.73839093,
Cyonoscion analis,CA,113.6164989,
Cyonoscion analis,CA,86.02762068,
Cyonoscion analis,CA,79.54488806,
Cyonoscion analis,CA,49.38275508,
Cyonoscion analis,CA,97.89382826,
Cyonoscion analis,CA,28.02596998,
Cyonoscion analis,CA,82.57977902,
Cyonoscion analis,CA,37.68037549,
Cyonoscion analis,CA,68.73489687,
Cyonoscion analis,CA,29.38333343,
Cyonoscion analis,CA,79.24140963,
Cyonoscion analis,CA,87.38935888,
Cyonoscion analis,CA,54.8271617,
Cyonoscion analis,CA,15.75502416,
Cyonoscion analis,Vtg1,63.38844196,
Cyonoscion analis,Vtg1,51.23727496,
Cyonoscion analis,Vtg1,113.5478947,
Cyonoscion analis,Vtg1,95.67061914,
Cyonoscion analis,Vtg1,123.5486235,
Cyonoscion analis,Vtg1,109.9088159,
Cyonoscion analis,Vtg1,69.74325059,
Cyonoscion analis,Vtg1,81.192211,
Cyonoscion analis,Vtg1,85.65307549,
Cyonoscion analis,Vtg1,-1.108393268,
Cyonoscion analis,Vtg1,61.35937363,
Cyonoscion analis,Vtg1,73.97689753,
Cyonoscion analis,Vtg1,133.5870429,
Cyonoscion analis,Vtg1,141.7475119,
Cyonoscion analis,Vtg1,96.50102542,
Cyonoscion analis,Vtg1,52.62198465,
Cyonoscion analis,Vtg1,86.87204565,
Cyonoscion analis,Vtg1,84.57909991,
Cyonoscion analis,Vtg1,34.85628634,
Cyonoscion analis,Vtg1,47.33814073,
Cyonoscion analis,Vtg1,193.2829666,
Cyonoscion analis,Vtg1,38.14379335,
Cyonoscion analis,Vtg1,48.17315239,
Cyonoscion analis,Vtg1,119.5091536,
Cyonoscion analis,Vtg1,115.1629165,
Cyonoscion analis,Vtg1,93.65583894,
Cyonoscion analis,Vtg1,137.7115364,
Cyonoscion analis,Vtg1,51.62542657,
Cyonoscion analis,Vtg1,117.6302209,
Cyonoscion analis,Vtg1,83.95636759,
Cyonoscion analis,Vtg1,61.97164496,
Cyonoscion analis,Vtg1,114.6088215,
Cyonoscion analis,Vtg1,57.93872556,
Cyonoscion analis,Vtg1,159.1019957,
Cyonoscion analis,Vtg1,60.5643592,
Cyonoscion analis,Vtg1,80.37946935,
Cyonoscion analis,Vtg1,94.74672317,
Cyonoscion analis,Vtg1,-0.221231077,
Cyonoscion analis,Vtg1,155.8327854,
Cyonoscion analis,Vtg1,70.20391521,
Cyonoscion analis,Vtg1,75.63884383,
Cyonoscion analis,Vtg1,57.95356134,
Cyonoscion analis,Vtg1,83.56297541,
Cyonoscion analis,Vtg1,158.5118144,
Cyonoscion analis,Vtg1,121.3635609,
Cyonoscion analis,Vtg1,143.2519152,
Cyonoscion analis,Vtg1,94.00681432,
Cyonoscion analis,Vtg1,58.81650592,
Cyonoscion analis,Vtg1,77.12520744,
Cyonoscion analis,Vtg1,100.0034248,
Cyonoscion analis,Vtg2,260.4045678,
Cyonoscion analis,Vtg2,225.7506865,
Cyonoscion analis,Vtg2,304.0973192,
Cyonoscion analis,Vtg2,168.2364815,
Cyonoscion analis,Vtg2,283.198267,
Cyonoscion analis,Vtg2,270.5853668,
Cyonoscion analis,Vtg2,224.9757299,
Cyonoscion analis,Vtg2,281.5810851,
Cyonoscion analis,Vtg2,115.9373382,
Cyonoscion analis,Vtg2,128.7992599,
Cyonoscion analis,Vtg2,175.2383724,
Cyonoscion analis,Vtg2,135.0697535,
Cyonoscion analis,Vtg2,198.8671438,
Cyonoscion analis,Vtg2,185.0881941,
Cyonoscion analis,Vtg2,138.5440871,
Cyonoscion analis,Vtg2,251.3341594,
Cyonoscion analis,Vtg2,181.977205,
Cyonoscion analis,Vtg2,241.9107372,
Cyonoscion analis,Vtg2,231.8636485,
Cyonoscion analis,Vtg2,183.1639155,
Cyonoscion analis,Vtg2,125.1264799,
Cyonoscion analis,Vtg2,175.5796043,
Cyonoscion analis,Vtg2,213.8630091,
Cyonoscion analis,Vtg2,248.6617485,
Cyonoscion analis,Vtg2,280.6107423,
Cyonoscion analis,Vtg2,266.4065327,
Cyonoscion analis,Vtg2,241.0200762,
Cyonoscion analis,Vtg2,235.959021,
Cyonoscion analis,Vtg2,235.6994826,
Cyonoscion analis,Vtg2,280.7988157,
Cyonoscion analis,Vtg2,223.8305433,
Cyonoscion analis,Vtg2,204.4026697,
Cyonoscion analis,Vtg2,84.69957136,
Cyonoscion analis,Vtg2,230.3022245,
Cyonoscion analis,Vtg2,198.6461428,
Cyonoscion analis,Vtg2,221.4446061,
Cyonoscion analis,Vtg2,130.978031,
Cyonoscion analis,Vtg2,250.4171109,
Cyonoscion analis,Vtg2,121.8765532,
Cyonoscion analis,Vtg2,131.897953,
Cyonoscion analis,Vtg2,93.02201901,
Cyonoscion analis,Vtg2,208.1121275,
Cyonoscion analis,Vtg2,117.9527874,
Cyonoscion analis,Vtg2,286.3784027,
Cyonoscion analis,Vtg2,235.5663909,
Cyonoscion analis,Vtg2,279.6623522,
Cyonoscion analis,Vtg2,202.6447957,
Cyonoscion analis,Vtg2,206.2218526,
Cyonoscion analis,Vtg2,274.2610209,
Cyonoscion analis,Vtg2,257.7988328,
Cyonoscion analis,Vtg3,334.6843886,
Cyonoscion analis,Vtg3,310.2835265,
Cyonoscion analis,Vtg3,285.0968831,
Cyonoscion analis,Vtg3,325.1238494,
Cyonoscion analis,Vtg3,349.9320837,
Cyonoscion analis,Vtg3,368.0713059,
Cyonoscion analis,Vtg3,387.2269511,
Cyonoscion analis,Vtg3,343.3844096,
Cyonoscion analis,Vtg3,350.4245413,
Cyonoscion analis,Vtg3,315.2443965,
Cyonoscion analis,Vtg3,396.6273432,
Cyonoscion analis,Vtg3,331.5395905,
Cyonoscion analis,Vtg3,316.957502,
Cyonoscion analis,Vtg3,373.2892154,
Cyonoscion analis,Vtg3,327.121653,
Cyonoscion analis,Vtg3,381.4347787,
Cyonoscion analis,Vtg3,394.6356905,
Cyonoscion analis,Vtg3,364.8471406,
Cyonoscion analis,Vtg3,421.4656466,
Cyonoscion analis,Vtg3,401.8215392,
Cyonoscion analis,Vtg3,376.0782432,
Cyonoscion analis,Vtg3,313.4311505,
Cyonoscion analis,Vtg3,376.3380307,
Cyonoscion analis,Vtg3,229.103937,
Cyonoscion analis,Vtg3,292.3435953,
Cyonoscion analis,Vtg3,333.8506325,
Cyonoscion analis,Vtg3,359.7246643,
Cyonoscion analis,Vtg3,343.8487612,
Cyonoscion analis,Vtg3,435.5482299,
Cyonoscion analis,Vtg3,403.9079378,
Cyonoscion analis,Vtg3,262.7936509,
Cyonoscion analis,Vtg3,344.593236,
Cyonoscion analis,Vtg3,372.8573629,
Cyonoscion analis,Vtg3,329.5769073,
Cyonoscion analis,Vtg3,358.9097029,
Cyonoscion analis,Vtg3,347.2324273,
Cyonoscion analis,Vtg3,249.0185716,
Cyonoscion analis,Vtg3,392.0762655,
Cyonoscion analis,Vtg3,402.1602115,
Cyonoscion analis,Vtg3,268.2737608,
Cyonoscion analis,Vtg3,282.1365663,
Cyonoscion analis,Vtg3,350.9898485,
Cyonoscion analis,Vtg3,365.9406882,
Cyonoscion analis,Vtg3,339.4623217,
Cyonoscion analis,Vtg3,349.2712148,
Cyonoscion analis,Vtg3,346.4314739,
Cyonoscion analis,Vtg3,280.9746898,
Cyonoscion analis,Vtg3,388.6559008,
Cyonoscion analis,Vtg3,362.5207061,
Cyonoscion analis,Vtg3,315.3460313,
Cyonoscion analis,Vtg4,420.2132049,
Cyonoscion analis,Vtg4,473.2406726,
Cyonoscion analis,Vtg4,433.4970375,
Cyonoscion analis,Vtg4,442.69899,
Cyonoscion analis,Vtg4,482.3222951,
Cyonoscion analis,Vtg4,468.405861,
Cyonoscion analis,Vtg4,447.3145603,
Cyonoscion analis,Vtg4,415.2270749,
Cyonoscion analis,Vtg4,491.8963832,
Cyonoscion analis,Vtg4,393.0361628,
Cyonoscion analis,Vtg4,449.1152966,
Cyonoscion analis,Vtg4,450.123824,
Cyonoscion analis,Vtg4,463.2361927,
Cyonoscion analis,Vtg4,374.1270725,
Cyonoscion analis,Vtg4,364.3749234,
Cyonoscion analis,Vtg4,403.5758874,
Cyonoscion analis,Vtg4,389.3797085,
Cyonoscion analis,Vtg4,385.9894303,
Cyonoscion analis,Vtg4,426.1894098,
Cyonoscion analis,Vtg4,438.1038872,
Cyonoscion analis,Vtg4,361.1686088,
Cyonoscion analis,Vtg4,474.8116236,
Cyonoscion analis,Vtg4,478.1508539,
Cyonoscion analis,Vtg4,426.9026255,
Cyonoscion analis,Vtg4,472.0781761,
Cyonoscion analis,Vtg4,522.7205788,
Cyonoscion analis,Vtg4,466.1690119,
Cyonoscion analis,Vtg4,423.790391,
Cyonoscion analis,Vtg4,409.5644653,
Cyonoscion analis,Vtg4,463.4193801,
Cyonoscion analis,Vtg4,386.4484262,
Cyonoscion analis,Vtg4,515.3733568,
Cyonoscion analis,Vtg4,434.4988946,
Cyonoscion analis,Vtg4,357.1680585,
Cyonoscion analis,Vtg4,429.1471764,
Cyonoscion analis,Vtg4,471.298984,
Cyonoscion analis,Vtg4,421.5418818,
Cyonoscion analis,Vtg4,393.1136642,
Cyonoscion analis,Vtg4,420.2029702,
Cyonoscion analis,Vtg4,369.292992,
Cyonoscion analis,Vtg4,444.4400967,
Cyonoscion analis,Vtg4,425.0048983,
Cyonoscion analis,Vtg4,425.7940826,
Cyonoscion analis,Vtg4,448.9945004,
Cyonoscion analis,Vtg4,411.1503895,
Cyonoscion analis,Vtg4,484.0036922,
Cyonoscion analis,Vtg4,394.7591658,
Cyonoscion analis,Vtg4,421.8317631,
Cyonoscion analis,Vtg4,364.1531062,
Cyonoscion analis,Vtg4,426.4601173,
Cyonoscion analis,GVM,556.2992431,
Cyonoscion analis,GVM,543.3174856,
Cyonoscion analis,GVM,589.9494207,
Cyonoscion analis,GVM,503.4328222,
Cyonoscion analis,GVM,495.4407359,
Cyonoscion analis,GVM,588.9142214,
Cyonoscion analis,GVM,467.1003055,
Cyonoscion analis,GVM,434.7114203,
Cyonoscion analis,GVM,461.2305452,
Cyonoscion analis,GVM,572.4956215,
Cyonoscion analis,GVM,507.859096,
Cyonoscion analis,GVM,534.4419458,
Cyonoscion analis,GVM,444.2881651,
Cyonoscion analis,GVM,420.6871807,
Cyonoscion analis,GVM,412.4325098,
Cyonoscion analis,GVM,460.4642166,
Cyonoscion analis,GVM,554.5837123,
Cyonoscion analis,GVM,543.2005504,
Cyonoscion analis,GVM,508.6316436,
Cyonoscion analis,GVM,515.5233159,
Cyonoscion analis,GVM,329.0844803,
Cyonoscion analis,GVM,438.746993,
Cyonoscion analis,GVM,474.73771,
Cyonoscion analis,GVM,576.1940368,
Cyonoscion analis,GVM,447.1794921,
Cyonoscion analis,GVM,365.8701082,
Cyonoscion analis,GVM,416.3352277,
Cyonoscion analis,GVM,543.7258653,
Cyonoscion analis,GVM,364.2809239,
Cyonoscion analis,GVM,567.4199915,
Cyonoscion analis,GVM,507.3928266,
Cyonoscion analis,GVM,512.9660065,
Cyonoscion analis,GVM,566.2761186,
Cyonoscion analis,GVM,655.8653773,
Cyonoscion analis,GVM,488.7928221,
Cyonoscion analis,GVM,522.2094963,
Cyonoscion analis,GVM,402.1738407,
Cyonoscion analis,GVM,462.7183686,
Cyonoscion analis,GVM,553.3469786,
Cyonoscion analis,GVM,364.9860619,
Cyonoscion analis,GVM,424.1616684,
Cyonoscion analis,GVM,610.1981939,
Cyonoscion analis,GVM,540.2829416,
Cyonoscion analis,GVM,518.6391397,
Cyonoscion analis,GVM,458.3662856,
Cyonoscion analis,GVM,594.4151403,
Cyonoscion analis,GVM,428.7980623,
Cyonoscion analis,GVM,344.3477476,
Cyonoscion analis,GVM,558.4392076,
Cyonoscion analis,GVM,361.7193807,
Cyonoscion analis,Hyd,530.4876542,
Cyonoscion analis,Hyd,630.102063,
Cyonoscion analis,Hyd,590.352772,
Cyonoscion analis,Hyd,600.6028951,
Cyonoscion analis,Hyd,630.4442406,
Cyonoscion analis,Hyd,739.5543601,
Cyonoscion analis,Hyd,637.6144576,
Cyonoscion analis,Hyd,466.6538289,
Cyonoscion analis,Hyd,768.12518,
Cyonoscion analis,Hyd,719.8570468,
Cyonoscion analis,Hyd,651.4621376,
Cyonoscion analis,Hyd,459.0993623,
Cyonoscion analis,Hyd,730.4824433,
Cyonoscion analis,Hyd,591.0259947,
Cyonoscion analis,Hyd,772.7276012,
Cyonoscion analis,Hyd,711.1896199,
Cyonoscion analis,Hyd,689.1202685,
Cyonoscion analis,Hyd,654.0345526,
Cyonoscion analis,Hyd,764.0515722,
Cyonoscion analis,Hyd,546.4183127,
Cyonoscion analis,Hyd,603.9402599,
Cyonoscion analis,Hyd,656.2471136,
Cyonoscion analis,Hyd,683.6104049,
Cyonoscion analis,Hyd,680.0422033,
Cyonoscion analis,Hyd,693.7684222,
Cyonoscion analis,Hyd,670.1751124,
Cyonoscion analis,Hyd,565.3087349,
Cyonoscion analis,Hyd,556.8151831,
Cyonoscion analis,Hyd,627.0506692,
Cyonoscion analis,Hyd,710.9017451,
Cyonoscion analis,Hyd,654.2510024,
Cyonoscion analis,Hyd,670.1638253,
Cyonoscion analis,Hyd,589.7654327,
Cyonoscion analis,Hyd,697.0543878,
Cyonoscion analis,Hyd,585.0170508,
Cyonoscion analis,Hyd,503.656255,
Cyonoscion analis,Hyd,746.6885498,
Cyonoscion analis,Hyd,642.8284612,
Cyonoscion analis,Hyd,554.9207037,
Cyonoscion analis,Hyd,685.2823078,
Cyonoscion analis,Hyd,640.1352549,
Cyonoscion analis,Hyd,646.090283,
Cyonoscion analis,Hyd,603.5804711,
Cyonoscion analis,Hyd,651.4681959,
Cyonoscion analis,Hyd,630.5275267,
Cyonoscion analis,Hyd,615.9992651,
Cyonoscion analis,Hyd,496.0873749,
Cyonoscion analis,Hyd,657.0075493,
Cyonoscion analis,Hyd,622.6883425,
Cyonoscion analis,Hyd,681.261889,x
Menticirrhus ophicephalus,Pg1,33.85528818,
Menticirrhus ophicephalus,Pg1,35.09466018,
Menticirrhus ophicephalus,Pg1,26.90696685,
Menticirrhus ophicephalus,Pg1,23.46502827,
Menticirrhus ophicephalus,Pg1,34.05887456,
Menticirrhus ophicephalus,Pg1,9.820440323,
Menticirrhus ophicephalus,Pg1,34.30098551,
Menticirrhus ophicephalus,Pg1,25.23815895,
Menticirrhus ophicephalus,Pg1,25.15840256,
Menticirrhus ophicephalus,Pg1,18.80677998,
Menticirrhus ophicephalus,Pg1,26.83752194,
Menticirrhus ophicephalus,Pg1,46.17312044,
Menticirrhus ophicephalus,Pg1,31.70627864,
Menticirrhus ophicephalus,Pg1,33.20216458,
Menticirrhus ophicephalus,Pg1,20.49468005,
Menticirrhus ophicephalus,Pg1,36.1689984,
Menticirrhus ophicephalus,Pg1,19.13642479,
Menticirrhus ophicephalus,Pg1,24.6842241,
Menticirrhus ophicephalus,Pg1,39.20712652,
Menticirrhus ophicephalus,Pg1,30.98723699,
Menticirrhus ophicephalus,Pg1,35.79621925,
Menticirrhus ophicephalus,Pg1,42.55785082,
Menticirrhus ophicephalus,Pg1,21.55671571,
Menticirrhus ophicephalus,Pg1,12.46862595,
Menticirrhus ophicephalus,Pg1,12.02290483,
Menticirrhus ophicephalus,Pg1,46.05097519,
Menticirrhus ophicephalus,Pg1,23.18352636,
Menticirrhus ophicephalus,Pg1,34.20379801,
Menticirrhus ophicephalus,Pg1,34.12123493,
Menticirrhus ophicephalus,Pg1,26.37689023,
Menticirrhus ophicephalus,Pg1,36.11873179,
Menticirrhus ophicephalus,Pg1,49.96833546,
Menticirrhus ophicephalus,Pg1,48.49190337,
Menticirrhus ophicephalus,Pg1,44.32445639,
Menticirrhus ophicephalus,Pg1,30.54271193,
Menticirrhus ophicephalus,Pg1,32.91188279,
Menticirrhus ophicephalus,Pg1,24.75913421,
Menticirrhus ophicephalus,Pg1,11.37949756,
Menticirrhus ophicephalus,Pg1,45.67733851,
Menticirrhus ophicephalus,Pg1,28.25801049,
Menticirrhus ophicephalus,Pg1,39.28510834,
Menticirrhus ophicephalus,Pg1,4.196419386,
Menticirrhus ophicephalus,Pg1,17.39734448,
Menticirrhus ophicephalus,Pg1,37.3714054,
Menticirrhus ophicephalus,Pg1,36.5445172,
Menticirrhus ophicephalus,Pg1,42.60729403,
Menticirrhus ophicephalus,Pg1,13.86901222,
Menticirrhus ophicephalus,Pg1,33.67403253,
Menticirrhus ophicephalus,Pg1,33.83187653,
Menticirrhus ophicephalus,Pg1,14.93201167,
Menticirrhus ophicephalus,Pg2,52.29806963,
Menticirrhus ophicephalus,Pg2,64.73846332,
Menticirrhus ophicephalus,Pg2,55.26795135,
Menticirrhus ophicephalus,Pg2,56.7583142,
Menticirrhus ophicephalus,Pg2,51.64511731,
Menticirrhus ophicephalus,Pg2,56.38976847,
Menticirrhus ophicephalus,Pg2,58.45585636,
Menticirrhus ophicephalus,Pg2,59.11897664,
Menticirrhus ophicephalus,Pg2,65.7253251,
Menticirrhus ophicephalus,Pg2,43.26528011,
Menticirrhus ophicephalus,Pg2,55.7479599,
Menticirrhus ophicephalus,Pg2,48.28734259,
Menticirrhus ophicephalus,Pg2,57.76651538,
Menticirrhus ophicephalus,Pg2,62.94981421,
Menticirrhus ophicephalus,Pg2,52.06560203,
Menticirrhus ophicephalus,Pg2,45.83811347,
Menticirrhus ophicephalus,Pg2,59.44069716,
Menticirrhus ophicephalus,Pg2,62.96744236,
Menticirrhus ophicephalus,Pg2,57.58427335,
Menticirrhus ophicephalus,Pg2,48.5216416,
Menticirrhus ophicephalus,Pg2,55.27307788,
Menticirrhus ophicephalus,Pg2,51.07675313,
Menticirrhus ophicephalus,Pg2,49.75323591,
Menticirrhus ophicephalus,Pg2,66.65255981,
Menticirrhus ophicephalus,Pg2,62.01352691,
Menticirrhus ophicephalus,Pg2,59.71300425,
Menticirrhus ophicephalus,Pg2,59.13129144,
Menticirrhus ophicephalus,Pg2,50.94229755,
Menticirrhus ophicephalus,Pg2,57.3812414,
Menticirrhus ophicephalus,Pg2,60.10629204,
Menticirrhus ophicephalus,Pg2,58.22691537,
Menticirrhus ophicephalus,Pg2,60.21571776,
Menticirrhus ophicephalus,Pg2,53.47815444,
Menticirrhus ophicephalus,Pg2,67.38555458,
Menticirrhus ophicephalus,Pg2,59.85610337,
Menticirrhus ophicephalus,Pg2,64.33549592,
Menticirrhus ophicephalus,Pg2,58.36021235,
Menticirrhus ophicephalus,Pg2,53.4602331,
Menticirrhus ophicephalus,Pg2,57.68261858,
Menticirrhus ophicephalus,Pg2,59.12435033,
Menticirrhus ophicephalus,Pg2,50.1804926,
Menticirrhus ophicephalus,Pg2,50.72458744,
Menticirrhus ophicephalus,Pg2,64.43473471,
Menticirrhus ophicephalus,Pg2,53.04090314,
Menticirrhus ophicephalus,Pg2,50.09683526,
Menticirrhus ophicephalus,Pg2,58.4366605,
Menticirrhus ophicephalus,Pg2,52.47478241,
Menticirrhus ophicephalus,Pg2,65.78859908,
Menticirrhus ophicephalus,Pg2,52.00101218,
Menticirrhus ophicephalus,Pg2,51.52726653,
Menticirrhus ophicephalus,CA,99.4260451,
Menticirrhus ophicephalus,CA,118.9355813,
Menticirrhus ophicephalus,CA,115.7575394,
Menticirrhus ophicephalus,CA,106.741518,
Menticirrhus ophicephalus,CA,113.0223819,
Menticirrhus ophicephalus,CA,111.7414804,
Menticirrhus ophicephalus,CA,129.29412,
Menticirrhus ophicephalus,CA,110.9013108,
Menticirrhus ophicephalus,CA,114.6099486,
Menticirrhus ophicephalus,CA,108.1448725,
Menticirrhus ophicephalus,CA,109.6112534,
Menticirrhus ophicephalus,CA,116.7283611,
Menticirrhus ophicephalus,CA,111.8222338,
Menticirrhus ophicephalus,CA,109.6643979,
Menticirrhus ophicephalus,CA,105.0737742,
Menticirrhus ophicephalus,CA,111.4741578,
Menticirrhus ophicephalus,CA,119.6971561,
Menticirrhus ophicephalus,CA,102.8416349,
Menticirrhus ophicephalus,CA,129.8788266,
Menticirrhus ophicephalus,CA,113.786881,
Menticirrhus ophicephalus,CA,115.7992844,
Menticirrhus ophicephalus,CA,126.124735,
Menticirrhus ophicephalus,CA,114.3246614,
Menticirrhus ophicephalus,CA,121.4212302,
Menticirrhus ophicephalus,CA,98.67595334,
Menticirrhus ophicephalus,CA,118.3285514,
Menticirrhus ophicephalus,CA,136.3519508,
Menticirrhus ophicephalus,CA,117.6122849,
Menticirrhus ophicephalus,CA,115.9365945,
Menticirrhus ophicephalus,CA,97.65858882,
Menticirrhus ophicephalus,CA,105.7943452,
Menticirrhus ophicephalus,CA,113.5585978,
Menticirrhus ophicephalus,CA,110.3515127,
Menticirrhus ophicephalus,CA,124.1734362,
Menticirrhus ophicephalus,CA,121.3391826,
Menticirrhus ophicephalus,CA,114.6877577,
Menticirrhus ophicephalus,CA,127.0837262,
Menticirrhus ophicephalus,CA,117.3670898,
Menticirrhus ophicephalus,CA,112.4618635,
Menticirrhus ophicephalus,CA,109.4800847,
Menticirrhus ophicephalus,CA,118.891699,
Menticirrhus ophicephalus,CA,109.453326,
Menticirrhus ophicephalus,CA,121.0811621,
Menticirrhus ophicephalus,CA,116.7085446,
Menticirrhus ophicephalus,CA,125.7920152,
Menticirrhus ophicephalus,CA,121.1859039,
Menticirrhus ophicephalus,CA,121.6577439,
Menticirrhus ophicephalus,CA,110.0078883,
Menticirrhus ophicephalus,CA,109.9790269,
Menticirrhus ophicephalus,CA,114.1197454,
Menticirrhus ophicephalus,Vtg1,147.1349557,
Menticirrhus ophicephalus,Vtg1,127.8128734,
Menticirrhus ophicephalus,Vtg1,149.9138594,
Menticirrhus ophicephalus,Vtg1,125.4534264,
Menticirrhus ophicephalus,Vtg1,145.9751804,
Menticirrhus ophicephalus,Vtg1,136.495328,
Menticirrhus ophicephalus,Vtg1,139.6375148,
Menticirrhus ophicephalus,Vtg1,165.785535,
Menticirrhus ophicephalus,Vtg1,137.7275339,
Menticirrhus ophicephalus,Vtg1,148.4957295,
Menticirrhus ophicephalus,Vtg1,126.7775885,
Menticirrhus ophicephalus,Vtg1,125.4631783,
Menticirrhus ophicephalus,Vtg1,161.6573918,
Menticirrhus ophicephalus,Vtg1,162.4692441,
Menticirrhus ophicephalus,Vtg1,142.8694473,
Menticirrhus ophicephalus,Vtg1,136.9287427,
Menticirrhus ophicephalus,Vtg1,143.2698497,
Menticirrhus ophicephalus,Vtg1,152.8040488,
Menticirrhus ophicephalus,Vtg1,174.5200336,
Menticirrhus ophicephalus,Vtg1,143.0337577,
Menticirrhus ophicephalus,Vtg1,165.6280904,
Menticirrhus ophicephalus,Vtg1,162.5003282,
Menticirrhus ophicephalus,Vtg1,148.5101221,
Menticirrhus ophicephalus,Vtg1,165.4333717,
Menticirrhus ophicephalus,Vtg1,138.1026443,
Menticirrhus ophicephalus,Vtg1,127.7765057,
Menticirrhus ophicephalus,Vtg1,118.1648439,
Menticirrhus ophicephalus,Vtg1,160.202554,
Menticirrhus ophicephalus,Vtg1,114.2703017,
Menticirrhus ophicephalus,Vtg1,127.2555587,
Menticirrhus ophicephalus,Vtg1,166.9906879,
Menticirrhus ophicephalus,Vtg1,156.3711677,
Menticirrhus ophicephalus,Vtg1,151.3482625,
Menticirrhus ophicephalus,Vtg1,127.4147731,
Menticirrhus ophicephalus,Vtg1,181.1810358,
Menticirrhus ophicephalus,Vtg1,129.3292081,
Menticirrhus ophicephalus,Vtg1,129.8442847,
Menticirrhus ophicephalus,Vtg1,153.3649031,
Menticirrhus ophicephalus,Vtg1,145.8084821,
Menticirrhus ophicephalus,Vtg1,138.0839239,
Menticirrhus ophicephalus,Vtg1,128.036302,
Menticirrhus ophicephalus,Vtg1,125.8879859,
Menticirrhus ophicephalus,Vtg1,135.6742172,
Menticirrhus ophicephalus,Vtg1,122.9886029,
Menticirrhus ophicephalus,Vtg1,144.2219797,
Menticirrhus ophicephalus,Vtg1,151.5623739,
Menticirrhus ophicephalus,Vtg1,122.3379125,
Menticirrhus ophicephalus,Vtg1,155.895141,
Menticirrhus ophicephalus,Vtg1,156.5441846,
Menticirrhus ophicephalus,Vtg1,145.941674,
Menticirrhus ophicephalus,Vtg2,143.7349003,
Menticirrhus ophicephalus,Vtg2,171.9759123,
Menticirrhus ophicephalus,Vtg2,202.5232618,
Menticirrhus ophicephalus,Vtg2,231.0426782,
Menticirrhus ophicephalus,Vtg2,223.0972086,
Menticirrhus ophicephalus,Vtg2,197.6824136,
Menticirrhus ophicephalus,Vtg2,133.0400417,
Menticirrhus ophicephalus,Vtg2,216.5836448,
Menticirrhus ophicephalus,Vtg2,197.3986479,
Menticirrhus ophicephalus,Vtg2,191.3143207,
Menticirrhus ophicephalus,Vtg2,228.7182737,
Menticirrhus ophicephalus,Vtg2,163.9262234,
Menticirrhus ophicephalus,Vtg2,184.1447109,
Menticirrhus ophicephalus,Vtg2,266.3186545,
Menticirrhus ophicephalus,Vtg2,172.5956458,
Menticirrhus ophicephalus,Vtg2,205.0464489,
Menticirrhus ophicephalus,Vtg2,217.1102682,
Menticirrhus ophicephalus,Vtg2,133.7229157,
Menticirrhus ophicephalus,Vtg2,119.2880883,
Menticirrhus ophicephalus,Vtg2,196.4130959,
Menticirrhus ophicephalus,Vtg2,224.373761,
Menticirrhus ophicephalus,Vtg2,113.8484537,
Menticirrhus ophicephalus,Vtg2,188.7433399,
Menticirrhus ophicephalus,Vtg2,184.5926373,
Menticirrhus ophicephalus,Vtg2,256.6966214,
Menticirrhus ophicephalus,Vtg2,217.5293815,
Menticirrhus ophicephalus,Vtg2,186.6744602,
Menticirrhus ophicephalus,Vtg2,194.4263877,
Menticirrhus ophicephalus,Vtg2,247.6940903,
Menticirrhus ophicephalus,Vtg2,196.7052136,
Menticirrhus ophicephalus,Vtg2,196.7453136,
Menticirrhus ophicephalus,Vtg2,166.7258625,
Menticirrhus ophicephalus,Vtg2,199.8295884,
Menticirrhus ophicephalus,Vtg2,203.2863599,
Menticirrhus ophicephalus,Vtg2,225.1773248,
Menticirrhus ophicephalus,Vtg2,177.6239071,
Menticirrhus ophicephalus,Vtg2,220.5431095,
Menticirrhus ophicephalus,Vtg2,171.5392275,
Menticirrhus ophicephalus,Vtg2,215.9685138,
Menticirrhus ophicephalus,Vtg2,202.6915544,
Menticirrhus ophicephalus,Vtg2,169.4973464,
Menticirrhus ophicephalus,Vtg2,174.1409445,
Menticirrhus ophicephalus,Vtg2,184.8512126,
Menticirrhus ophicephalus,Vtg2,156.7640237,
Menticirrhus ophicephalus,Vtg2,190.2770971,
Menticirrhus ophicephalus,Vtg2,220.9886309,
Menticirrhus ophicephalus,Vtg2,290.159124,
Menticirrhus ophicephalus,Vtg2,191.0622835,
Menticirrhus ophicephalus,Vtg2,213.0248672,
Menticirrhus ophicephalus,Vtg2,220.3501424,
Menticirrhus ophicephalus,Vtg3,383.522923,
Menticirrhus ophicephalus,Vtg3,483.0615916,
Menticirrhus ophicephalus,Vtg3,453.0828878,
Menticirrhus ophicephalus,Vtg3,349.1162331,
Menticirrhus ophicephalus,Vtg3,413.4082351,
Menticirrhus ophicephalus,Vtg3,463.297304,
Menticirrhus ophicephalus,Vtg3,405.1738434,
Menticirrhus ophicephalus,Vtg3,402.7233378,
Menticirrhus ophicephalus,Vtg3,384.4128291,
Menticirrhus ophicephalus,Vtg3,364.2803477,
Menticirrhus ophicephalus,Vtg3,467.0989499,
Menticirrhus ophicephalus,Vtg3,497.7180964,
Menticirrhus ophicephalus,Vtg3,420.1266919,
Menticirrhus ophicephalus,Vtg3,399.6734102,
Menticirrhus ophicephalus,Vtg3,509.5590151,
Menticirrhus ophicephalus,Vtg3,419.05761,
Menticirrhus ophicephalus,Vtg3,430.2940046,
Menticirrhus ophicephalus,Vtg3,454.5671943,
Menticirrhus ophicephalus,Vtg3,363.0930054,
Menticirrhus ophicephalus,Vtg3,391.5034443,
Menticirrhus ophicephalus,Vtg3,393.0942558,
Menticirrhus ophicephalus,Vtg3,389.3920333,
Menticirrhus ophicephalus,Vtg3,459.7267708,
Menticirrhus ophicephalus,Vtg3,311.7805796,
Menticirrhus ophicephalus,Vtg3,442.3500325,
Menticirrhus ophicephalus,Vtg3,491.0919955,
Menticirrhus ophicephalus,Vtg3,428.8136507,
Menticirrhus ophicephalus,Vtg3,410.8543416,
Menticirrhus ophicephalus,Vtg3,375.4092141,
Menticirrhus ophicephalus,Vtg3,454.0377567,
Menticirrhus ophicephalus,Vtg3,344.7374756,
Menticirrhus ophicephalus,Vtg3,437.0354549,
Menticirrhus ophicephalus,Vtg3,380.102413,
Menticirrhus ophicephalus,Vtg3,515.6330947,
Menticirrhus ophicephalus,Vtg3,463.5628638,
Menticirrhus ophicephalus,Vtg3,447.6553327,
Menticirrhus ophicephalus,Vtg3,433.6316185,
Menticirrhus ophicephalus,Vtg3,390.8603246,
Menticirrhus ophicephalus,Vtg3,481.4646763,
Menticirrhus ophicephalus,Vtg3,469.5728461,
Menticirrhus ophicephalus,Vtg3,404.4442907,
Menticirrhus ophicephalus,Vtg3,388.734138,
Menticirrhus ophicephalus,Vtg3,417.5288764,
Menticirrhus ophicephalus,Vtg3,449.9925646,
Menticirrhus ophicephalus,Vtg3,374.2185297,
Menticirrhus ophicephalus,Vtg3,438.10553,
Menticirrhus ophicephalus,Vtg3,309.7329209,
Menticirrhus ophicephalus,Vtg3,393.7368411,
Menticirrhus ophicephalus,Vtg3,385.9008376,
Menticirrhus ophicephalus,Vtg3,453.537018,
Menticirrhus ophicephalus,Vtg4,589.9929053,
Menticirrhus ophicephalus,Vtg4,555.6561819,
Menticirrhus ophicephalus,Vtg4,525.4847449,
Menticirrhus ophicephalus,Vtg4,635.3657988,
Menticirrhus ophicephalus,Vtg4,547.1296112,
Menticirrhus ophicephalus,Vtg4,557.5600558,
Menticirrhus ophicephalus,Vtg4,635.0519774,
Menticirrhus ophicephalus,Vtg4,578.0452096,
Menticirrhus ophicephalus,Vtg4,532.9521107,
Menticirrhus ophicephalus,Vtg4,666.9474804,
Menticirrhus ophicephalus,Vtg4,493.4901004,
Menticirrhus ophicephalus,Vtg4,549.116909,
Menticirrhus ophicephalus,Vtg4,643.4596792,
Menticirrhus ophicephalus,Vtg4,670.9626707,
Menticirrhus ophicephalus,Vtg4,699.8939372,
Menticirrhus ophicephalus,Vtg4,533.8459239,
Menticirrhus ophicephalus,Vtg4,516.468561,
Menticirrhus ophicephalus,Vtg4,460.7741188,
Menticirrhus ophicephalus,Vtg4,706.9466102,
Menticirrhus ophicephalus,Vtg4,503.3527868,
Menticirrhus ophicephalus,Vtg4,580.4811517,
Menticirrhus ophicephalus,Vtg4,595.5441638,
Menticirrhus ophicephalus,Vtg4,623.3181672,
Menticirrhus ophicephalus,Vtg4,586.821184,
Menticirrhus ophicephalus,Vtg4,408.5415885,
Menticirrhus ophicephalus,Vtg4,617.5238752,
Menticirrhus ophicephalus,Vtg4,586.8541732,
Menticirrhus ophicephalus,Vtg4,581.1488672,
Menticirrhus ophicephalus,Vtg4,506.2690139,
Menticirrhus ophicephalus,Vtg4,621.0992485,
Menticirrhus ophicephalus,Vtg4,650.4069011,
Menticirrhus ophicephalus,Vtg4,587.4769443,
Menticirrhus ophicephalus,Vtg4,578.3988419,
Menticirrhus ophicephalus,Vtg4,612.6283247,
Menticirrhus ophicephalus,Vtg4,582.1089467,
Menticirrhus ophicephalus,Vtg4,579.5920097,
Menticirrhus ophicephalus,Vtg4,453.2136637,
Menticirrhus ophicephalus,Vtg4,658.8368232,
Menticirrhus ophicephalus,Vtg4,588.4920314,
Menticirrhus ophicephalus,Vtg4,585.8784811,
Menticirrhus ophicephalus,Vtg4,694.1395655,
Menticirrhus ophicephalus,Vtg4,534.3874121,
Menticirrhus ophicephalus,Vtg4,618.8088493,
Menticirrhus ophicephalus,Vtg4,590.6968156,
Menticirrhus ophicephalus,Vtg4,548.5983035,
Menticirrhus ophicephalus,Vtg4,545.4817536,
Menticirrhus ophicephalus,Vtg4,475.7372774,
Menticirrhus ophicephalus,Vtg4,591.5363334,
Menticirrhus ophicephalus,Vtg4,382.0156853,
Menticirrhus ophicephalus,Vtg4,607.186302,
Menticirrhus ophicephalus,GVM,701.7281645,
Menticirrhus ophicephalus,GVM,670.9766597,
Menticirrhus ophicephalus,GVM,559.2248809,
Menticirrhus ophicephalus,GVM,590.2624647,
Menticirrhus ophicephalus,GVM,763.6767267,
Menticirrhus ophicephalus,GVM,648.8140152,
Menticirrhus ophicephalus,GVM,706.398095,
Menticirrhus ophicephalus,GVM,680.2888702,
Menticirrhus ophicephalus,GVM,716.3169091,
Menticirrhus ophicephalus,GVM,603.5484671,
Menticirrhus ophicephalus,GVM,647.5583017,
Menticirrhus ophicephalus,GVM,531.1604651,
Menticirrhus ophicephalus,GVM,701.3766171,
Menticirrhus ophicephalus,GVM,662.6405709,
Menticirrhus ophicephalus,GVM,679.4466773,
Menticirrhus ophicephalus,GVM,730.6848496,
Menticirrhus ophicephalus,GVM,703.1306538,
Menticirrhus ophicephalus,GVM,813.1369307,
Menticirrhus ophicephalus,GVM,732.4817772,
Menticirrhus ophicephalus,GVM,655.521043,
Menticirrhus ophicephalus,GVM,666.1718623,
Menticirrhus ophicephalus,GVM,815.8159784,
Menticirrhus ophicephalus,GVM,716.1799883,
Menticirrhus ophicephalus,GVM,725.1177064,
Menticirrhus ophicephalus,GVM,731.9476764,
Menticirrhus ophicephalus,GVM,614.9089198,
Menticirrhus ophicephalus,GVM,772.2293127,
Menticirrhus ophicephalus,GVM,518.8719202,
Menticirrhus ophicephalus,GVM,740.3028241,
Menticirrhus ophicephalus,GVM,861.0415315,
Menticirrhus ophicephalus,GVM,639.3409444,
Menticirrhus ophicephalus,GVM,669.6909788,
Menticirrhus ophicephalus,GVM,707.8643903,
Menticirrhus ophicephalus,GVM,634.6299275,
Menticirrhus ophicephalus,GVM,719.0347572,
Menticirrhus ophicephalus,GVM,665.8048751,
Menticirrhus ophicephalus,GVM,751.2437281,
Menticirrhus ophicephalus,GVM,859.6049271,
Menticirrhus ophicephalus,GVM,581.1950459,
Menticirrhus ophicephalus,GVM,644.0996721,
Menticirrhus ophicephalus,GVM,742.658363,
Menticirrhus ophicephalus,GVM,718.3519452,
Menticirrhus ophicephalus,GVM,687.6843781,
Menticirrhus ophicephalus,GVM,648.2565797,
Menticirrhus ophicephalus,GVM,699.2488179,
Menticirrhus ophicephalus,GVM,699.2790341,
Menticirrhus ophicephalus,GVM,729.8998491,
Menticirrhus ophicephalus,GVM,702.8742763,
Menticirrhus ophicephalus,GVM,675.3165185,
Menticirrhus ophicephalus,GVM,566.6452073,
Menticirrhus ophicephalus,Hyd,810.912616,
Menticirrhus ophicephalus,Hyd,750.2079632,
Menticirrhus ophicephalus,Hyd,777.5846391,
Menticirrhus ophicephalus,Hyd,652.8274286,
Menticirrhus ophicephalus,Hyd,690.1294729,
Menticirrhus ophicephalus,Hyd,830.3348412,
Menticirrhus ophicephalus,Hyd,741.7725914,
Menticirrhus ophicephalus,Hyd,707.8321681,
Menticirrhus ophicephalus,Hyd,633.130977,
Menticirrhus ophicephalus,Hyd,650.9933726,
Menticirrhus ophicephalus,Hyd,655.7907673,
Menticirrhus ophicephalus,Hyd,734.3914039,
Menticirrhus ophicephalus,Hyd,866.8546424,
Menticirrhus ophicephalus,Hyd,756.474383,
Menticirrhus ophicephalus,Hyd,664.4016047,
Menticirrhus ophicephalus,Hyd,748.0677854,
Menticirrhus ophicephalus,Hyd,781.8175986,
Menticirrhus ophicephalus,Hyd,659.7290242,
Menticirrhus ophicephalus,Hyd,640.2527481,
Menticirrhus ophicephalus,Hyd,855.3643477,
Menticirrhus ophicephalus,Hyd,799.8814839,
Menticirrhus ophicephalus,Hyd,778.4373329,
Menticirrhus ophicephalus,Hyd,695.4224814,
Menticirrhus ophicephalus,Hyd,770.0928442,
Menticirrhus ophicephalus,Hyd,869.1235134,
Menticirrhus ophicephalus,Hyd,708.2887808,
Menticirrhus ophicephalus,Hyd,879.1951101,
Menticirrhus ophicephalus,Hyd,675.9630859,
Menticirrhus ophicephalus,Hyd,869.5349267,
Menticirrhus ophicephalus,Hyd,809.0786903,
Menticirrhus ophicephalus,Hyd,670.2136119,
Menticirrhus ophicephalus,Hyd,745.3781094,
Menticirrhus ophicephalus,Hyd,766.555767,
Menticirrhus ophicephalus,Hyd,631.1680814,
Menticirrhus ophicephalus,Hyd,787.5712898,
Menticirrhus ophicephalus,Hyd,797.5947744,
Menticirrhus ophicephalus,Hyd,967.1952302,
Menticirrhus ophicephalus,Hyd,836.544594,
Menticirrhus ophicephalus,Hyd,827.4964606,
Menticirrhus ophicephalus,Hyd,937.7379486,
Menticirrhus ophicephalus,Hyd,788.2422403,
Menticirrhus ophicephalus,Hyd,811.354585,
Menticirrhus ophicephalus,Hyd,759.9513369,
Menticirrhus ophicephalus,Hyd,847.9904668,
Menticirrhus ophicephalus,Hyd,867.8238034,
Menticirrhus ophicephalus,Hyd,798.5844539,
Menticirrhus ophicephalus,Hyd,661.7816088,
Menticirrhus ophicephalus,Hyd,536.8707743,
Menticirrhus ophicephalus,Hyd,792.5388963,
Menticirrhus ophicephalus,Hyd,650.1467615,x
Paralonchurus peruanus,Pg1,52.60915425,
Paralonchurus peruanus,Pg1,39.13843208,
Paralonchurus peruanus,Pg1,41.40083945,
Paralonchurus peruanus,Pg1,51.7343981,
Paralonchurus peruanus,Pg1,27.62149587,
Paralonchurus peruanus,Pg1,66.3895519,
Paralonchurus peruanus,Pg1,22.61906408,
Paralonchurus peruanus,Pg1,45.46306954,
Paralonchurus peruanus,Pg1,53.13691016,
Paralonchurus peruanus,Pg1,32.60912421,
Paralonchurus peruanus,Pg1,37.74022569,
Paralonchurus peruanus,Pg1,47.13469311,
Paralonchurus peruanus,Pg1,41.7389231,
Paralonchurus peruanus,Pg1,29.59940195,
Paralonchurus peruanus,Pg1,50.80171354,
Paralonchurus peruanus,Pg1,58.30676071,
Paralonchurus peruanus,Pg1,31.73799626,
Paralonchurus peruanus,Pg1,40.04881099,
Paralonchurus peruanus,Pg1,51.77404162,
Paralonchurus peruanus,Pg1,47.17466027,
Paralonchurus peruanus,Pg1,32.39414868,
Paralonchurus peruanus,Pg1,35.44687567,
Paralonchurus peruanus,Pg1,23.10720316,
Paralonchurus peruanus,Pg1,60.67147766,
Paralonchurus peruanus,Pg1,48.48177577,
Paralonchurus peruanus,Pg1,24.6034543,
Paralonchurus peruanus,Pg1,40.98969633,
Paralonchurus peruanus,Pg1,53.99716938,
Paralonchurus peruanus,Pg1,34.0532848,
Paralonchurus peruanus,Pg1,33.14288507,
Paralonchurus peruanus,Pg1,26.07009854,
Paralonchurus peruanus,Pg1,26.28928101,
Paralonchurus peruanus,Pg1,33.05774874,
Paralonchurus peruanus,Pg1,52.4870626,
Paralonchurus peruanus,Pg1,29.70140026,
Paralonchurus peruanus,Pg1,58.2343614,
Paralonchurus peruanus,Pg1,45.93733582,
Paralonchurus peruanus,Pg1,34.54578741,
Paralonchurus peruanus,Pg1,28.77227607,
Paralonchurus peruanus,Pg1,29.07221382,
Paralonchurus peruanus,Pg1,27.70314386,
Paralonchurus peruanus,Pg1,48.0225647,
Paralonchurus peruanus,Pg1,45.89175241,
Paralonchurus peruanus,Pg1,45.03681316,
Paralonchurus peruanus,Pg1,36.39424772,
Paralonchurus peruanus,Pg1,26.73157146,
Paralonchurus peruanus,Pg1,19.31260422,
Paralonchurus peruanus,Pg1,37.32554981,
Paralonchurus peruanus,Pg1,58.88218572,
Paralonchurus peruanus,Pg1,42.60518457,
Paralonchurus peruanus,Pg2,82.11002954,
Paralonchurus peruanus,Pg2,69.73785333,
Paralonchurus peruanus,Pg2,73.87180395,
Paralonchurus peruanus,Pg2,50.41896812,
Paralonchurus peruanus,Pg2,91.76056341,
Paralonchurus peruanus,Pg2,66.50842062,
Paralonchurus peruanus,Pg2,51.60776851,
Paralonchurus peruanus,Pg2,72.12543137,
Paralonchurus peruanus,Pg2,68.19752405,
Paralonchurus peruanus,Pg2,54.76092911,
Paralonchurus peruanus,Pg2,54.90996368,
Paralonchurus peruanus,Pg2,61.77704239,
Paralonchurus peruanus,Pg2,33.22417679,
Paralonchurus peruanus,Pg2,77.20627135,
Paralonchurus peruanus,Pg2,68.38182722,
Paralonchurus peruanus,Pg2,98.970556,
Paralonchurus peruanus,Pg2,46.77869399,
Paralonchurus peruanus,Pg2,69.21455078,
Paralonchurus peruanus,Pg2,98.25277791,
Paralonchurus peruanus,Pg2,39.5489298,
Paralonchurus peruanus,Pg2,62.15861939,
Paralonchurus peruanus,Pg2,67.82094279,
Paralonchurus peruanus,Pg2,72.68334732,
Paralonchurus peruanus,Pg2,78.46577962,
Paralonchurus peruanus,Pg2,82.48646106,
Paralonchurus peruanus,Pg2,80.50592899,
Paralonchurus peruanus,Pg2,38.35336711,
Paralonchurus peruanus,Pg2,85.16281133,
Paralonchurus peruanus,Pg2,91.84757941,
Paralonchurus peruanus,Pg2,78.25736812,
Paralonchurus peruanus,Pg2,62.89785286,
Paralonchurus peruanus,Pg2,82.19312708,
Paralonchurus peruanus,Pg2,60.14083884,
Paralonchurus peruanus,Pg2,65.59498888,
Paralonchurus peruanus,Pg2,78.79481784,
Paralonchurus peruanus,Pg2,56.37409431,
Paralonchurus peruanus,Pg2,74.07461896,
Paralonchurus peruanus,Pg2,75.76009641,
Paralonchurus peruanus,Pg2,48.37882985,
Paralonchurus peruanus,Pg2,94.01568984,
Paralonchurus peruanus,Pg2,60.38746553,
Paralonchurus peruanus,Pg2,59.20954756,
Paralonchurus peruanus,Pg2,73.42869867,
Paralonchurus peruanus,Pg2,69.26522005,
Paralonchurus peruanus,Pg2,74.87765039,
Paralonchurus peruanus,Pg2,76.04975425,
Paralonchurus peruanus,Pg2,87.27567428,
Paralonchurus peruanus,Pg2,60.80117009,
Paralonchurus peruanus,Pg2,98.17151136,
Paralonchurus peruanus,Pg2,41.18842277,
Paralonchurus peruanus,CA,120.2782863,
Paralonchurus peruanus,CA,120.8080377,
Paralonchurus peruanus,CA,96.21715784,
Paralonchurus peruanus,CA,126.4923988,
Paralonchurus peruanus,CA,85.20495826,
Paralonchurus peruanus,CA,72.06016504,
Paralonchurus peruanus,CA,129.4577643,
Paralonchurus peruanus,CA,95.92043263,
Paralonchurus peruanus,CA,97.15178822,
Paralonchurus peruanus,CA,141.3543079,
Paralonchurus peruanus,CA,77.11538243,
Paralonchurus peruanus,CA,104.5146327,
Paralonchurus peruanus,CA,80.29642262,
Paralonchurus peruanus,CA,111.2963757,
Paralonchurus peruanus,CA,76.78734706,
Paralonchurus peruanus,CA,91.17492653,
Paralonchurus peruanus,CA,120.393111,
Paralonchurus peruanus,CA,104.3713639,
Paralonchurus peruanus,CA,124.4502533,
Paralonchurus peruanus,CA,95.80341375,
Paralonchurus peruanus,CA,82.54010206,
Paralonchurus peruanus,CA,107.3636744,
Paralonchurus peruanus,CA,102.4088968,
Paralonchurus peruanus,CA,46.23203569,
Paralonchurus peruanus,CA,150.5299802,
Paralonchurus peruanus,CA,118.5759049,
Paralonchurus peruanus,CA,86.34410274,
Paralonchurus peruanus,CA,107.4032088,
Paralonchurus peruanus,CA,116.663475,
Paralonchurus peruanus,CA,139.9847695,
Paralonchurus peruanus,CA,97.23616303,
Paralonchurus peruanus,CA,93.51927146,
Paralonchurus peruanus,CA,68.34905244,
Paralonchurus peruanus,CA,78.86360367,
Paralonchurus peruanus,CA,61.50901776,
Paralonchurus peruanus,CA,81.39834932,
Paralonchurus peruanus,CA,90.88324049,
Paralonchurus peruanus,CA,108.3802504,
Paralonchurus peruanus,CA,71.9313121,
Paralonchurus peruanus,CA,98.60784046,
Paralonchurus peruanus,CA,83.63433658,
Paralonchurus peruanus,CA,101.5381323,
Paralonchurus peruanus,CA,52.67458423,
Paralonchurus peruanus,CA,108.2444325,
Paralonchurus peruanus,CA,79.40755411,
Paralonchurus peruanus,CA,84.40299777,
Paralonchurus peruanus,CA,78.50661157,
Paralonchurus peruanus,CA,115.5158544,
Paralonchurus peruanus,CA,97.42318801,
Paralonchurus peruanus,CA,46.80002182,
Paralonchurus peruanus,Vtg1,220.7954399,
Paralonchurus peruanus,Vtg1,195.9064748,
Paralonchurus peruanus,Vtg1,164.9558307,
Paralonchurus peruanus,Vtg1,189.7756318,
Paralonchurus peruanus,Vtg1,205.3421735,
Paralonchurus peruanus,Vtg1,126.3308008,
Paralonchurus peruanus,Vtg1,173.8203153,
Paralonchurus peruanus,Vtg1,120.2416131,
Paralonchurus peruanus,Vtg1,170.1403864,
Paralonchurus peruanus,Vtg1,158.6946084,
Paralonchurus peruanus,Vtg1,178.63312,
Paralonchurus peruanus,Vtg1,127.4243218,
Paralonchurus peruanus,Vtg1,109.7038553,
Paralonchurus peruanus,Vtg1,221.185671,
Paralonchurus peruanus,Vtg1,207.6017827,
Paralonchurus peruanus,Vtg1,133.0690659,
Paralonchurus peruanus,Vtg1,161.2586263,
Paralonchurus peruanus,Vtg1,174.4060683,
Paralonchurus peruanus,Vtg1,164.5030382,
Paralonchurus peruanus,Vtg1,200.1020995,
Paralonchurus peruanus,Vtg1,186.2656578,
Paralonchurus peruanus,Vtg1,128.8386458,
Paralonchurus peruanus,Vtg1,154.4497325,
Paralonchurus peruanus,Vtg1,151.3660575,
Paralonchurus peruanus,Vtg1,238.9663485,
Paralonchurus peruanus,Vtg1,170.6330507,
Paralonchurus peruanus,Vtg1,183.924638,
Paralonchurus peruanus,Vtg1,183.9601118,
Paralonchurus peruanus,Vtg1,133.6734976,
Paralonchurus peruanus,Vtg1,158.7725788,
Paralonchurus peruanus,Vtg1,179.2594113,
Paralonchurus peruanus,Vtg1,145.3759137,
Paralonchurus peruanus,Vtg1,228.5127302,
Paralonchurus peruanus,Vtg1,188.2338248,
Paralonchurus peruanus,Vtg1,205.8260576,
Paralonchurus peruanus,Vtg1,142.8939789,
Paralonchurus peruanus,Vtg1,178.0183612,
Paralonchurus peruanus,Vtg1,171.8117792,
Paralonchurus peruanus,Vtg1,195.4988748,
Paralonchurus peruanus,Vtg1,184.1579664,
Paralonchurus peruanus,Vtg1,203.9955429,
Paralonchurus peruanus,Vtg1,175.0283143,
Paralonchurus peruanus,Vtg1,164.4729211,
Paralonchurus peruanus,Vtg1,231.9608079,
Paralonchurus peruanus,Vtg1,206.6873819,
Paralonchurus peruanus,Vtg1,253.7659105,
Paralonchurus peruanus,Vtg1,153.1020046,
Paralonchurus peruanus,Vtg1,173.3052282,
Paralonchurus peruanus,Vtg1,158.3729223,
Paralonchurus peruanus,Vtg1,162.8820085,
Paralonchurus peruanus,Vtg2,139.7524173,
Paralonchurus peruanus,Vtg2,198.3496707,
Paralonchurus peruanus,Vtg2,181.0032878,
Paralonchurus peruanus,Vtg2,194.8501967,
Paralonchurus peruanus,Vtg2,252.2000194,
Paralonchurus peruanus,Vtg2,115.2633557,
Paralonchurus peruanus,Vtg2,134.5551824,
Paralonchurus peruanus,Vtg2,264.954396,
Paralonchurus peruanus,Vtg2,161.952371,
Paralonchurus peruanus,Vtg2,153.2617182,
Paralonchurus peruanus,Vtg2,201.5038906,
Paralonchurus peruanus,Vtg2,235.9403834,
Paralonchurus peruanus,Vtg2,184.292669,
Paralonchurus peruanus,Vtg2,227.666684,
Paralonchurus peruanus,Vtg2,163.7171688,
Paralonchurus peruanus,Vtg2,264.8780964,
Paralonchurus peruanus,Vtg2,171.2558393,
Paralonchurus peruanus,Vtg2,213.732871,
Paralonchurus peruanus,Vtg2,133.5589306,
Paralonchurus peruanus,Vtg2,147.4979886,
Paralonchurus peruanus,Vtg2,184.1839694,
Paralonchurus peruanus,Vtg2,247.6665283,
Paralonchurus peruanus,Vtg2,185.7483528,
Paralonchurus peruanus,Vtg2,243.3652737,
Paralonchurus peruanus,Vtg2,104.2994562,
Paralonchurus peruanus,Vtg2,218.145951,
Paralonchurus peruanus,Vtg2,188.7022985,
Paralonchurus peruanus,Vtg2,197.005797,
Paralonchurus peruanus,Vtg2,217.8472782,
Paralonchurus peruanus,Vtg2,136.6490757,
Paralonchurus peruanus,Vtg2,209.6345209,
Paralonchurus peruanus,Vtg2,95.39786768,
Paralonchurus peruanus,Vtg2,144.6243468,
Paralonchurus peruanus,Vtg2,144.2522219,
Paralonchurus peruanus,Vtg2,193.7146407,
Paralonchurus peruanus,Vtg2,233.8824512,
Paralonchurus peruanus,Vtg2,143.5591727,
Paralonchurus peruanus,Vtg2,154.9120114,
Paralonchurus peruanus,Vtg2,209.9189109,
Paralonchurus peruanus,Vtg2,159.9096644,
Paralonchurus peruanus,Vtg2,175.5380862,
Paralonchurus peruanus,Vtg2,236.0484915,
Paralonchurus peruanus,Vtg2,253.0734346,
Paralonchurus peruanus,Vtg2,231.3402794,
Paralonchurus peruanus,Vtg2,193.6459583,
Paralonchurus peruanus,Vtg2,108.3812484,
Paralonchurus peruanus,Vtg2,174.3250379,
Paralonchurus peruanus,Vtg2,257.4074589,
Paralonchurus peruanus,Vtg2,190.5475853,
Paralonchurus peruanus,Vtg2,213.942672,
Paralonchurus peruanus,Vtg3,318.7224609,
Paralonchurus peruanus,Vtg3,380.2197177,
Paralonchurus peruanus,Vtg3,424.8303603,
Paralonchurus peruanus,Vtg3,254.1936448,
Paralonchurus peruanus,Vtg3,300.0796279,
Paralonchurus peruanus,Vtg3,283.7938924,
Paralonchurus peruanus,Vtg3,232.666546,
Paralonchurus peruanus,Vtg3,233.7911258,
Paralonchurus peruanus,Vtg3,253.3065537,
Paralonchurus peruanus,Vtg3,322.6128363,
Paralonchurus peruanus,Vtg3,335.1859447,
Paralonchurus peruanus,Vtg3,501.7221449,
Paralonchurus peruanus,Vtg3,220.7429166,
Paralonchurus peruanus,Vtg3,353.2867429,
Paralonchurus peruanus,Vtg3,309.438665,
Paralonchurus peruanus,Vtg3,261.5950517,
Paralonchurus peruanus,Vtg3,251.0689653,
Paralonchurus peruanus,Vtg3,313.4765669,
Paralonchurus peruanus,Vtg3,277.434659,
Paralonchurus peruanus,Vtg3,354.0705073,
Paralonchurus peruanus,Vtg3,324.8127652,
Paralonchurus peruanus,Vtg3,305.3126337,
Paralonchurus peruanus,Vtg3,357.4324245,
Paralonchurus peruanus,Vtg3,380.1648442,
Paralonchurus peruanus,Vtg3,244.5169462,
Paralonchurus peruanus,Vtg3,267.5005383,
Paralonchurus peruanus,Vtg3,338.9210434,
Paralonchurus peruanus,Vtg3,272.3414322,
Paralonchurus peruanus,Vtg3,338.690278,
Paralonchurus peruanus,Vtg3,425.5258721,
Paralonchurus peruanus,Vtg3,273.9234522,
Paralonchurus peruanus,Vtg3,241.8851191,
Paralonchurus peruanus,Vtg3,215.9122018,
Paralonchurus peruanus,Vtg3,261.2170928,
Paralonchurus peruanus,Vtg3,239.2298291,
Paralonchurus peruanus,Vtg3,302.3988504,
Paralonchurus peruanus,Vtg3,258.0479665,
Paralonchurus peruanus,Vtg3,373.7292322,
Paralonchurus peruanus,Vtg3,258.5310117,
Paralonchurus peruanus,Vtg3,463.3667908,
Paralonchurus peruanus,Vtg3,120.1312463,
Paralonchurus peruanus,Vtg3,395.1349578,
Paralonchurus peruanus,Vtg3,198.3616189,
Paralonchurus peruanus,Vtg3,429.0505104,
Paralonchurus peruanus,Vtg3,263.0892455,
Paralonchurus peruanus,Vtg3,260.0224497,
Paralonchurus peruanus,Vtg3,286.8377508,
Paralonchurus peruanus,Vtg3,350.5591799,
Paralonchurus peruanus,Vtg3,325.6542521,
Paralonchurus peruanus,Vtg3,219.3872438,
Paralonchurus peruanus,Vtg4,396.2023402,
Paralonchurus peruanus,Vtg4,309.2091371,
Paralonchurus peruanus,Vtg4,331.207971,
Paralonchurus peruanus,Vtg4,359.1109957,
Paralonchurus peruanus,Vtg4,438.1625537,
Paralonchurus peruanus,Vtg4,427.973681,
Paralonchurus peruanus,Vtg4,320.8898146,
Paralonchurus peruanus,Vtg4,327.2250242,
Paralonchurus peruanus,Vtg4,392.0271412,
Paralonchurus peruanus,Vtg4,274.784643,
Paralonchurus peruanus,Vtg4,385.4778143,
Paralonchurus peruanus,Vtg4,283.5980315,
Paralonchurus peruanus,Vtg4,348.4077443,
Paralonchurus peruanus,Vtg4,426.4533508,
Paralonchurus peruanus,Vtg4,316.9649997,
Paralonchurus peruanus,Vtg4,337.7316321,
Paralonchurus peruanus,Vtg4,344.6331942,
Paralonchurus peruanus,Vtg4,322.6965951,
Paralonchurus peruanus,Vtg4,440.8905794,
Paralonchurus peruanus,Vtg4,313.0061628,
Paralonchurus peruanus,Vtg4,457.9395583,
Paralonchurus peruanus,Vtg4,304.5675972,
Paralonchurus peruanus,Vtg4,359.1246655,
Paralonchurus peruanus,Vtg4,283.4288601,
Paralonchurus peruanus,Vtg4,475.0904397,
Paralonchurus peruanus,Vtg4,340.9574078,
Paralonchurus peruanus,Vtg4,213.4170572,
Paralonchurus peruanus,Vtg4,496.626312,
Paralonchurus peruanus,Vtg4,476.8284747,
Paralonchurus peruanus,Vtg4,393.2951202,
Paralonchurus peruanus,Vtg4,369.1056825,
Paralonchurus peruanus,Vtg4,286.8306866,
Paralonchurus peruanus,Vtg4,387.0263807,
Paralonchurus peruanus,Vtg4,379.7085289,
Paralonchurus peruanus,Vtg4,429.7454866,
Paralonchurus peruanus,Vtg4,395.8446698,
Paralonchurus peruanus,Vtg4,296.4517746,
Paralonchurus peruanus,Vtg4,404.8223148,
Paralonchurus peruanus,Vtg4,350.850146,
Paralonchurus peruanus,Vtg4,307.8887322,
Paralonchurus peruanus,Vtg4,306.8382067,
Paralonchurus peruanus,Vtg4,285.2501521,
Paralonchurus peruanus,Vtg4,380.0318054,
Paralonchurus peruanus,Vtg4,389.1978706,
Paralonchurus peruanus,Vtg4,330.9448213,
Paralonchurus peruanus,Vtg4,406.2082315,
Paralonchurus peruanus,Vtg4,336.5440897,
Paralonchurus peruanus,Vtg4,349.2958359,
Paralonchurus peruanus,Vtg4,356.1178146,
Paralonchurus peruanus,Vtg4,369.1594947,
Paralonchurus peruanus,GVM,562.8120949,
Paralonchurus peruanus,GVM,306.4025871,
Paralonchurus peruanus,GVM,413.6435256,
Paralonchurus peruanus,GVM,394.7273158,
Paralonchurus peruanus,GVM,531.753132,
Paralonchurus peruanus,GVM,402.9433982,
Paralonchurus peruanus,GVM,511.1616302,
Paralonchurus peruanus,GVM,411.0961707,
Paralonchurus peruanus,GVM,400.0021112,
Paralonchurus peruanus,GVM,386.4499097,
Paralonchurus peruanus,GVM,322.7719534,
Paralonchurus peruanus,GVM,283.5240042,
Paralonchurus peruanus,GVM,438.7444353,
Paralonchurus peruanus,GVM,258.7399526,
Paralonchurus peruanus,GVM,387.8996633,
Paralonchurus peruanus,GVM,379.1924598,
Paralonchurus peruanus,GVM,466.9558976,
Paralonchurus peruanus,GVM,320.3191189,
Paralonchurus peruanus,GVM,288.7335375,
Paralonchurus peruanus,GVM,335.9729012,
Paralonchurus peruanus,GVM,379.8649662,
Paralonchurus peruanus,GVM,438.1808778,
Paralonchurus peruanus,GVM,345.7168242,
Paralonchurus peruanus,GVM,352.4773293,
Paralonchurus peruanus,GVM,439.3844946,
Paralonchurus peruanus,GVM,422.157015,
Paralonchurus peruanus,GVM,370.0340727,
Paralonchurus peruanus,GVM,297.6706567,
Paralonchurus peruanus,GVM,285.3270636,
Paralonchurus peruanus,GVM,293.4588146,
Paralonchurus peruanus,GVM,400.9094956,
Paralonchurus peruanus,GVM,505.1078105,
Paralonchurus peruanus,GVM,502.7161967,
Paralonchurus peruanus,GVM,409.1555485,
Paralonchurus peruanus,GVM,202.301502,
Paralonchurus peruanus,GVM,455.9539649,
Paralonchurus peruanus,GVM,391.2847605,
Paralonchurus peruanus,GVM,270.3018616,
Paralonchurus peruanus,GVM,350.1325687,
Paralonchurus peruanus,GVM,418.9391489,
Paralonchurus peruanus,GVM,460.5492958,
Paralonchurus peruanus,GVM,430.2569634,
Paralonchurus peruanus,GVM,347.0871251,
Paralonchurus peruanus,GVM,463.1027654,
Paralonchurus peruanus,GVM,349.2959518,
Paralonchurus peruanus,GVM,367.7207864,
Paralonchurus peruanus,GVM,426.8619055,
Paralonchurus peruanus,GVM,285.6869346,
Paralonchurus peruanus,GVM,530.6730093,
Paralonchurus peruanus,GVM,502.6231341,
Paralonchurus peruanus,Hyd,493.6523945,
Paralonchurus peruanus,Hyd,358.5171223,
Paralonchurus peruanus,Hyd,583.0665611,
Paralonchurus peruanus,Hyd,618.7664874,
Paralonchurus peruanus,Hyd,533.946922,
Paralonchurus peruanus,Hyd,724.0801211,
Paralonchurus peruanus,Hyd,631.725377,
Paralonchurus peruanus,Hyd,633.3934449,
Paralonchurus peruanus,Hyd,302.1822157,
Paralonchurus peruanus,Hyd,493.7572891,
Paralonchurus peruanus,Hyd,552.7319131,
Paralonchurus peruanus,Hyd,525.8346664,
Paralonchurus peruanus,Hyd,456.8197871,
Paralonchurus peruanus,Hyd,446.1134142,
Paralonchurus peruanus,Hyd,509.9033821,
Paralonchurus peruanus,Hyd,466.4722733,
Paralonchurus peruanus,Hyd,533.1932819,
Paralonchurus peruanus,Hyd,585.5397284,
Paralonchurus peruanus,Hyd,362.8630827,
Paralonchurus peruanus,Hyd,576.7790069,
Paralonchurus peruanus,Hyd,484.9633051,
Paralonchurus peruanus,Hyd,499.6883683,
Paralonchurus peruanus,Hyd,575.5086447,
Paralonchurus peruanus,Hyd,533.8617489,
Paralonchurus peruanus,Hyd,377.9732042,
Paralonchurus peruanus,Hyd,420.8450078,
Paralonchurus peruanus,Hyd,569.8302266,
Paralonchurus peruanus,Hyd,665.3574739,
Paralonchurus peruanus,Hyd,553.0950752,
Paralonchurus peruanus,Hyd,467.6274689,
Paralonchurus peruanus,Hyd,611.9934057,
Paralonchurus peruanus,Hyd,504.6035004,
Paralonchurus peruanus,Hyd,511.802063,
Paralonchurus peruanus,Hyd,319.4882893,
Paralonchurus peruanus,Hyd,384.9772676,
Paralonchurus peruanus,Hyd,446.9221016,
Paralonchurus peruanus,Hyd,597.9326086,
Paralonchurus peruanus,Hyd,430.2641209,
Paralonchurus peruanus,Hyd,659.384813,
Paralonchurus peruanus,Hyd,413.0432475,
Paralonchurus peruanus,Hyd,526.3625687,
Paralonchurus peruanus,Hyd,313.1768852,
Paralonchurus peruanus,Hyd,614.4449247,
Paralonchurus peruanus,Hyd,620.7561536,
Paralonchurus peruanus,Hyd,499.8385213,
Paralonchurus peruanus,Hyd,512.3508212,
Paralonchurus peruanus,Hyd,497.8613831,
Paralonchurus peruanus,Hyd,294.7869854,
Paralonchurus peruanus,Hyd,459.1758131,
Paralonchurus peruanus,Hyd,437.4239028,
Sciaena deliciosa,Pg1,50.69617156,
Sciaena deliciosa,Pg1,55.42402809,
Sciaena deliciosa,Pg1,31.44050912,
Sciaena deliciosa,Pg1,33.48986977,
Sciaena deliciosa,Pg1,55.07976197,
Sciaena deliciosa,Pg1,58.05317224,
Sciaena deliciosa,Pg1,62.44274045,
Sciaena deliciosa,Pg1,37.65102352,
Sciaena deliciosa,Pg1,25.9595422,
Sciaena deliciosa,Pg1,45.28807969,
Sciaena deliciosa,Pg1,20.7071703,
Sciaena deliciosa,Pg1,35.91215717,
Sciaena deliciosa,Pg1,42.35372255,
Sciaena deliciosa,Pg1,26.77280698,
Sciaena deliciosa,Pg1,38.17153262,
Sciaena deliciosa,Pg1,27.17123991,
Sciaena deliciosa,Pg1,24.91406898,
Sciaena deliciosa,Pg1,26.29071414,
Sciaena deliciosa,Pg1,8.826495109,
Sciaena deliciosa,Pg1,37.89029315,
Sciaena deliciosa,Pg1,59.49456475,
Sciaena deliciosa,Pg1,39.55946825,
Sciaena deliciosa,Pg1,6.450672435,
Sciaena deliciosa,Pg1,48.175451,
Sciaena deliciosa,Pg1,52.46263079,
Sciaena deliciosa,Pg1,32.53631285,
Sciaena deliciosa,Pg1,30.98458894,
Sciaena deliciosa,Pg1,32.31703279,
Sciaena deliciosa,Pg1,39.9260143,
Sciaena deliciosa,Pg1,38.54278131,
Sciaena deliciosa,Pg1,39.63946904,
Sciaena deliciosa,Pg1,38.08914494,
Sciaena deliciosa,Pg1,38.02171569,
Sciaena deliciosa,Pg1,46.80613383,
Sciaena deliciosa,Pg1,18.90496248,
Sciaena deliciosa,Pg1,43.1639618,
Sciaena deliciosa,Pg1,51.28504134,
Sciaena deliciosa,Pg1,42.0756932,
Sciaena deliciosa,Pg1,42.39520019,
Sciaena deliciosa,Pg1,43.42652977,
Sciaena deliciosa,Pg1,22.55824425,
Sciaena deliciosa,Pg1,52.81987779,
Sciaena deliciosa,Pg1,36.36856182,
Sciaena deliciosa,Pg1,9.760068665,
Sciaena deliciosa,Pg1,36.5846426,
Sciaena deliciosa,Pg1,43.36254749,
Sciaena deliciosa,Pg1,28.94762618,
Sciaena deliciosa,Pg1,27.29933889,
Sciaena deliciosa,Pg1,38.3281171,
Sciaena deliciosa,Pg1,35.32597515,
Sciaena deliciosa,Pg2,21.59352283,
Sciaena deliciosa,Pg2,0.661227063,
Sciaena deliciosa,Pg2,59.69431671,
Sciaena deliciosa,Pg2,31.24055378,
Sciaena deliciosa,Pg2,116.6146661,
Sciaena deliciosa,Pg2,46.74109073,
Sciaena deliciosa,Pg2,54.4091157,
Sciaena deliciosa,Pg2,67.52421623,
Sciaena deliciosa,Pg2,7.020740962,
Sciaena deliciosa,Pg2,45.32497294,
Sciaena deliciosa,Pg2,10.03014308,
Sciaena deliciosa,Pg2,25.30439201,
Sciaena deliciosa,Pg2,66.92607435,
Sciaena deliciosa,Pg2,49.07010364,
Sciaena deliciosa,Pg2,58.07285531,
Sciaena deliciosa,Pg2,65.34909321,
Sciaena deliciosa,Pg2,67.34203004,
Sciaena deliciosa,Pg2,24.90837702,
Sciaena deliciosa,Pg2,46.84404021,
Sciaena deliciosa,Pg2,39.75366441,
Sciaena deliciosa,Pg2,58.26041737,
Sciaena deliciosa,Pg2,61.28512522,
Sciaena deliciosa,Pg2,64.52131904,
Sciaena deliciosa,Pg2,41.6979557,
Sciaena deliciosa,Pg2,50.832306,
Sciaena deliciosa,Pg2,54.48584101,
Sciaena deliciosa,Pg2,65.72818281,
Sciaena deliciosa,Pg2,41.53274326,
Sciaena deliciosa,Pg2,42.64932087,
Sciaena deliciosa,Pg2,14.65959388,
Sciaena deliciosa,Pg2,46.32924248,
Sciaena deliciosa,Pg2,66.69743995,
Sciaena deliciosa,Pg2,38.25598978,
Sciaena deliciosa,Pg2,42.82135195,
Sciaena deliciosa,Pg2,92.28257672,
Sciaena deliciosa,Pg2,62.90822105,
Sciaena deliciosa,Pg2,43.75360089,
Sciaena deliciosa,Pg2,73.70896566,
Sciaena deliciosa,Pg2,61.07597928,
Sciaena deliciosa,Pg2,48.92492123,
Sciaena deliciosa,Pg2,92.5492607,
Sciaena deliciosa,Pg2,46.24587041,
Sciaena deliciosa,Pg2,51.9751569,
Sciaena deliciosa,Pg2,88.20756299,
Sciaena deliciosa,Pg2,82.42911431,
Sciaena deliciosa,Pg2,91.8613599,
Sciaena deliciosa,Pg2,36.15528144,
Sciaena deliciosa,Pg2,4.256037783,
Sciaena deliciosa,Pg2,16.8879665,
Sciaena deliciosa,Pg2,61.39018836,
Sciaena deliciosa,CA,75.57554827,
Sciaena deliciosa,CA,84.33580645,
Sciaena deliciosa,CA,92.54734136,
Sciaena deliciosa,CA,108.15436,
Sciaena deliciosa,CA,112.973,
Sciaena deliciosa,CA,127.3700786,
Sciaena deliciosa,CA,63.25080261,
Sciaena deliciosa,CA,109.3206677,
Sciaena deliciosa,CA,98.54450609,
Sciaena deliciosa,CA,70.47246185,
Sciaena deliciosa,CA,87.25687883,
Sciaena deliciosa,CA,86.3042715,
Sciaena deliciosa,CA,72.38745578,
Sciaena deliciosa,CA,95.37710926,
Sciaena deliciosa,CA,68.94111,
Sciaena deliciosa,CA,71.36753597,
Sciaena deliciosa,CA,84.25674556,
Sciaena deliciosa,CA,79.2545137,
Sciaena deliciosa,CA,64.47945665,
Sciaena deliciosa,CA,112.9671837,
Sciaena deliciosa,CA,101.7338049,
Sciaena deliciosa,CA,78.40207472,
Sciaena deliciosa,CA,95.69604512,
Sciaena deliciosa,CA,60.85493621,
Sciaena deliciosa,CA,97.5753463,
Sciaena deliciosa,CA,96.52329466,
Sciaena deliciosa,CA,109.7244776,
Sciaena deliciosa,CA,94.51079276,
Sciaena deliciosa,CA,54.05705023,
Sciaena deliciosa,CA,86.10937596,
Sciaena deliciosa,CA,98.60124182,
Sciaena deliciosa,CA,57.9959686,
Sciaena deliciosa,CA,89.90204889,
Sciaena deliciosa,CA,78.85302928,
Sciaena deliciosa,CA,99.62729133,
Sciaena deliciosa,CA,89.02763612,
Sciaena deliciosa,CA,53.49074334,
Sciaena deliciosa,CA,85.47077555,
Sciaena deliciosa,CA,101.0328222,
Sciaena deliciosa,CA,33.88745251,
Sciaena deliciosa,CA,74.46178638,
Sciaena deliciosa,CA,58.74282219,
Sciaena deliciosa,CA,101.0172269,
Sciaena deliciosa,CA,99.26201541,
Sciaena deliciosa,CA,105.6382973,
Sciaena deliciosa,CA,118.63617,
Sciaena deliciosa,CA,80.47379208,
Sciaena deliciosa,CA,81.04141936,
Sciaena deliciosa,CA,105.874045,
Sciaena deliciosa,CA,76.16525305,
Sciaena deliciosa,Vtg1,45.35461069,
Sciaena deliciosa,Vtg1,108.1931282,
Sciaena deliciosa,Vtg1,85.19572123,
Sciaena deliciosa,Vtg1,78.47985479,
Sciaena deliciosa,Vtg1,96.4795777,
Sciaena deliciosa,Vtg1,56.06214188,
Sciaena deliciosa,Vtg1,103.6075546,
Sciaena deliciosa,Vtg1,87.9103101,
Sciaena deliciosa,Vtg1,133.2084191,
Sciaena deliciosa,Vtg1,101.7373332,
Sciaena deliciosa,Vtg1,85.41800374,
Sciaena deliciosa,Vtg1,108.7813129,
Sciaena deliciosa,Vtg1,53.52214063,
Sciaena deliciosa,Vtg1,132.4260029,
Sciaena deliciosa,Vtg1,103.2513454,
Sciaena deliciosa,Vtg1,128.2982886,
Sciaena deliciosa,Vtg1,98.94214112,
Sciaena deliciosa,Vtg1,104.0371731,
Sciaena deliciosa,Vtg1,114.6445868,
Sciaena deliciosa,Vtg1,70.78893946,
Sciaena deliciosa,Vtg1,150.2717605,
Sciaena deliciosa,Vtg1,107.987356,
Sciaena deliciosa,Vtg1,99.0919211,
Sciaena deliciosa,Vtg1,79.24477852,
Sciaena deliciosa,Vtg1,125.404554,
Sciaena deliciosa,Vtg1,98.8069901,
Sciaena deliciosa,Vtg1,105.5026063,
Sciaena deliciosa,Vtg1,102.1803129,
Sciaena deliciosa,Vtg1,110.5761896,
Sciaena deliciosa,Vtg1,132.2554607,
Sciaena deliciosa,Vtg1,65.5474128,
Sciaena deliciosa,Vtg1,93.73682887,
Sciaena deliciosa,Vtg1,161.4502006,
Sciaena deliciosa,Vtg1,150.6719893,
Sciaena deliciosa,Vtg1,88.60527203,
Sciaena deliciosa,Vtg1,80.15254567,
Sciaena deliciosa,Vtg1,117.8608305,
Sciaena deliciosa,Vtg1,109.3517119,
Sciaena deliciosa,Vtg1,96.65123647,
Sciaena deliciosa,Vtg1,58.48505978,
Sciaena deliciosa,Vtg1,156.5679327,
Sciaena deliciosa,Vtg1,134.164816,
Sciaena deliciosa,Vtg1,137.8586499,
Sciaena deliciosa,Vtg1,88.78083277,
Sciaena deliciosa,Vtg1,66.47233112,
Sciaena deliciosa,Vtg1,146.4077301,
Sciaena deliciosa,Vtg1,95.71088261,
Sciaena deliciosa,Vtg1,132.5046889,
Sciaena deliciosa,Vtg1,131.2343534,
Sciaena deliciosa,Vtg1,105.9339777,
Sciaena deliciosa,Vtg2,170.6117288,
Sciaena deliciosa,Vtg2,148.4483884,
Sciaena deliciosa,Vtg2,336.8129592,
Sciaena deliciosa,Vtg2,216.6883883,
Sciaena deliciosa,Vtg2,229.414282,
Sciaena deliciosa,Vtg2,118.0016438,
Sciaena deliciosa,Vtg2,153.3071726,
Sciaena deliciosa,Vtg2,281.8862596,
Sciaena deliciosa,Vtg2,141.9480889,
Sciaena deliciosa,Vtg2,313.9034491,
Sciaena deliciosa,Vtg2,141.4641173,
Sciaena deliciosa,Vtg2,242.8288418,
Sciaena deliciosa,Vtg2,148.3844011,
Sciaena deliciosa,Vtg2,313.4880142,
Sciaena deliciosa,Vtg2,137.3720662,
Sciaena deliciosa,Vtg2,205.8715279,
Sciaena deliciosa,Vtg2,163.8785031,
Sciaena deliciosa,Vtg2,230.5574647,
Sciaena deliciosa,Vtg2,228.5603919,
Sciaena deliciosa,Vtg2,197.2815572,
Sciaena deliciosa,Vtg2,193.6285173,
Sciaena deliciosa,Vtg2,138.2664062,
Sciaena deliciosa,Vtg2,265.0611375,
Sciaena deliciosa,Vtg2,246.5304259,
Sciaena deliciosa,Vtg2,194.466615,
Sciaena deliciosa,Vtg2,118.226633,
Sciaena deliciosa,Vtg2,285.8382375,
Sciaena deliciosa,Vtg2,237.6210488,
Sciaena deliciosa,Vtg2,222.7341239,
Sciaena deliciosa,Vtg2,215.5888216,
Sciaena deliciosa,Vtg2,178.1660156,
Sciaena deliciosa,Vtg2,274.2106315,
Sciaena deliciosa,Vtg2,328.9746028,
Sciaena deliciosa,Vtg2,156.2819776,
Sciaena deliciosa,Vtg2,155.5555168,
Sciaena deliciosa,Vtg2,283.0397172,
Sciaena deliciosa,Vtg2,66.74874795,
Sciaena deliciosa,Vtg2,232.0895127,
Sciaena deliciosa,Vtg2,202.1518613,
Sciaena deliciosa,Vtg2,203.4651055,
Sciaena deliciosa,Vtg2,300.565042,
Sciaena deliciosa,Vtg2,114.9100598,
Sciaena deliciosa,Vtg2,200.7452911,
Sciaena deliciosa,Vtg2,141.3497553,
Sciaena deliciosa,Vtg2,290.9168777,
Sciaena deliciosa,Vtg2,100.6907819,
Sciaena deliciosa,Vtg2,183.4051645,
Sciaena deliciosa,Vtg2,226.5318209,
Sciaena deliciosa,Vtg2,272.2923979,
Sciaena deliciosa,Vtg2,243.7479838,
Sciaena deliciosa,Vtg3,428.2176203,
Sciaena deliciosa,Vtg3,411.2537538,
Sciaena deliciosa,Vtg3,286.5272889,
Sciaena deliciosa,Vtg3,316.5256025,
Sciaena deliciosa,Vtg3,211.8001316,
Sciaena deliciosa,Vtg3,287.8867743,
Sciaena deliciosa,Vtg3,345.455259,
Sciaena deliciosa,Vtg3,268.3503,
Sciaena deliciosa,Vtg3,318.0303608,
Sciaena deliciosa,Vtg3,277.9257884,
Sciaena deliciosa,Vtg3,289.6791594,
Sciaena deliciosa,Vtg3,258.0198028,
Sciaena deliciosa,Vtg3,259.0750915,
Sciaena deliciosa,Vtg3,284.9053454,
Sciaena deliciosa,Vtg3,316.1560004,
Sciaena deliciosa,Vtg3,349.8772546,
Sciaena deliciosa,Vtg3,220.2086444,
Sciaena deliciosa,Vtg3,390.8536303,
Sciaena deliciosa,Vtg3,363.0272308,
Sciaena deliciosa,Vtg3,288.3536704,
Sciaena deliciosa,Vtg3,272.5072637,
Sciaena deliciosa,Vtg3,348.3576693,
Sciaena deliciosa,Vtg3,275.6175962,
Sciaena deliciosa,Vtg3,235.8969395,
Sciaena deliciosa,Vtg3,252.1295405,
Sciaena deliciosa,Vtg3,192.4414949,
Sciaena deliciosa,Vtg3,161.0302433,
Sciaena deliciosa,Vtg3,416.7576754,
Sciaena deliciosa,Vtg3,306.144826,
Sciaena deliciosa,Vtg3,258.8316707,
Sciaena deliciosa,Vtg3,289.0559334,
Sciaena deliciosa,Vtg3,280.9248249,
Sciaena deliciosa,Vtg3,295.2938812,
Sciaena deliciosa,Vtg3,336.7341507,
Sciaena deliciosa,Vtg3,313.2032083,
Sciaena deliciosa,Vtg3,310.877208,
Sciaena deliciosa,Vtg3,176.0257172,
Sciaena deliciosa,Vtg3,286.539055,
Sciaena deliciosa,Vtg3,261.7217008,
Sciaena deliciosa,Vtg3,328.0838779,
Sciaena deliciosa,Vtg3,232.3553784,
Sciaena deliciosa,Vtg3,241.7105234,
Sciaena deliciosa,Vtg3,260.2431943,
Sciaena deliciosa,Vtg3,264.891381,
Sciaena deliciosa,Vtg3,250.700933,
Sciaena deliciosa,Vtg3,373.7291894,
Sciaena deliciosa,Vtg3,475.6217977,
Sciaena deliciosa,Vtg3,404.0495379,
Sciaena deliciosa,Vtg3,266.2808604,
Sciaena deliciosa,Vtg3,254.7978576,
Sciaena deliciosa,Vtg4,497.7059232,
Sciaena deliciosa,Vtg4,475.8325603,
Sciaena deliciosa,Vtg4,510.5615338,
Sciaena deliciosa,Vtg4,425.0737675,
Sciaena deliciosa,Vtg4,531.5331531,
Sciaena deliciosa,Vtg4,428.2042769,
Sciaena deliciosa,Vtg4,393.3718739,
Sciaena deliciosa,Vtg4,464.4545763,
Sciaena deliciosa,Vtg4,580.8478167,
Sciaena deliciosa,Vtg4,414.2222327,
Sciaena deliciosa,Vtg4,408.1519906,
Sciaena deliciosa,Vtg4,390.8291387,
Sciaena deliciosa,Vtg4,464.9476579,
Sciaena deliciosa,Vtg4,516.4341324,
Sciaena deliciosa,Vtg4,460.4031576,
Sciaena deliciosa,Vtg4,521.7984525,
Sciaena deliciosa,Vtg4,528.1622527,
Sciaena deliciosa,Vtg4,506.8477424,
Sciaena deliciosa,Vtg4,619.8151104,
Sciaena deliciosa,Vtg4,539.3158929,
Sciaena deliciosa,Vtg4,582.492297,
Sciaena deliciosa,Vtg4,455.7465526,
Sciaena deliciosa,Vtg4,442.8332277,
Sciaena deliciosa,Vtg4,426.9949093,
Sciaena deliciosa,Vtg4,499.3360561,
Sciaena deliciosa,Vtg4,520.052095,
Sciaena deliciosa,Vtg4,525.5518889,
Sciaena deliciosa,Vtg4,526.5893091,
Sciaena deliciosa,Vtg4,436.3955327,
Sciaena deliciosa,Vtg4,511.2619571,
Sciaena deliciosa,Vtg4,483.1895252,
Sciaena deliciosa,Vtg4,409.6857566,
Sciaena deliciosa,Vtg4,492.3860698,
Sciaena deliciosa,Vtg4,498.1634941,
Sciaena deliciosa,Vtg4,473.8775647,
Sciaena deliciosa,Vtg4,530.2889265,
Sciaena deliciosa,Vtg4,447.5702348,
Sciaena deliciosa,Vtg4,526.1665102,
Sciaena deliciosa,Vtg4,520.6993153,
Sciaena deliciosa,Vtg4,535.5594896,
Sciaena deliciosa,Vtg4,507.7546759,
Sciaena deliciosa,Vtg4,532.2340747,
Sciaena deliciosa,Vtg4,522.2370242,
Sciaena deliciosa,Vtg4,432.3554969,
Sciaena deliciosa,Vtg4,496.1437393,
Sciaena deliciosa,Vtg4,484.3644165,
Sciaena deliciosa,Vtg4,394.6327772,
Sciaena deliciosa,Vtg4,483.414193,
Sciaena deliciosa,Vtg4,500.2753921,
Sciaena deliciosa,Vtg4,597.0208766,
Sciaena deliciosa,GVM,462.775552,
Sciaena deliciosa,GVM,502.551389,
Sciaena deliciosa,GVM,552.4099054,
Sciaena deliciosa,GVM,566.712847,
Sciaena deliciosa,GVM,554.171892,
Sciaena deliciosa,GVM,595.3541204,
Sciaena deliciosa,GVM,600.4507051,
Sciaena deliciosa,GVM,406.4513706,
Sciaena deliciosa,GVM,598.839805,
Sciaena deliciosa,GVM,561.329927,
Sciaena deliciosa,GVM,468.1590522,
Sciaena deliciosa,GVM,537.6717742,
Sciaena deliciosa,GVM,496.4101583,
Sciaena deliciosa,GVM,586.3627722,
Sciaena deliciosa,GVM,473.7754734,
Sciaena deliciosa,GVM,567.8137637,
Sciaena deliciosa,GVM,525.4874098,
Sciaena deliciosa,GVM,557.3357663,
Sciaena deliciosa,GVM,581.2910643,
Sciaena deliciosa,GVM,529.6957455,
Sciaena deliciosa,GVM,585.8131578,
Sciaena deliciosa,GVM,473.5426048,
Sciaena deliciosa,GVM,461.0311437,
Sciaena deliciosa,GVM,685.505344,
Sciaena deliciosa,GVM,517.6995834,
Sciaena deliciosa,GVM,565.5300909,
Sciaena deliciosa,GVM,471.1133396,
Sciaena deliciosa,GVM,489.3749572,
Sciaena deliciosa,GVM,469.6638808,
Sciaena deliciosa,GVM,500.7507571,
Sciaena deliciosa,GVM,582.784244,
Sciaena deliciosa,GVM,475.217956,
Sciaena deliciosa,GVM,514.6707728,
Sciaena deliciosa,GVM,579.4075357,
Sciaena deliciosa,GVM,563.1941204,
Sciaena deliciosa,GVM,380.8060551,
Sciaena deliciosa,GVM,564.2116691,
Sciaena deliciosa,GVM,383.9098245,
Sciaena deliciosa,GVM,553.4162517,
Sciaena deliciosa,GVM,644.5110947,
Sciaena deliciosa,GVM,582.1524772,
Sciaena deliciosa,GVM,442.7785157,
Sciaena deliciosa,GVM,498.8156406,
Sciaena deliciosa,GVM,578.3656802,
Sciaena deliciosa,GVM,351.3328653,
Sciaena deliciosa,GVM,538.0216669,
Sciaena deliciosa,GVM,367.8383094,
Sciaena deliciosa,GVM,521.8317376,
Sciaena deliciosa,GVM,479.8277111,
Sciaena deliciosa,GVM,539.3950892,
Sciaena deliciosa,Hyd,641.1043218,
Sciaena deliciosa,Hyd,691.1566408,
Sciaena deliciosa,Hyd,577.4646702,
Sciaena deliciosa,Hyd,596.8898605,
Sciaena deliciosa,Hyd,805.9390177,
Sciaena deliciosa,Hyd,684.4055736,
Sciaena deliciosa,Hyd,554.0206824,
Sciaena deliciosa,Hyd,669.1206116,
Sciaena deliciosa,Hyd,620.4946952,
Sciaena deliciosa,Hyd,660.5170634,
Sciaena deliciosa,Hyd,537.0979459,
Sciaena deliciosa,Hyd,455.3453623,
Sciaena deliciosa,Hyd,525.3038735,
Sciaena deliciosa,Hyd,578.2500305,
Sciaena deliciosa,Hyd,527.5219011,
Sciaena deliciosa,Hyd,756.5768726,
Sciaena deliciosa,Hyd,587.8843322,
Sciaena deliciosa,Hyd,613.7561407,
Sciaena deliciosa,Hyd,564.8614064,
Sciaena deliciosa,Hyd,563.7277927,
Sciaena deliciosa,Hyd,636.4535689,
Sciaena deliciosa,Hyd,653.6140049,
Sciaena deliciosa,Hyd,705.0971941,
Sciaena deliciosa,Hyd,561.7854851,
Sciaena deliciosa,Hyd,689.8965846,
Sciaena deliciosa,Hyd,508.926061,
Sciaena deliciosa,Hyd,644.8025399,
Sciaena deliciosa,Hyd,635.2043372,
Sciaena deliciosa,Hyd,606.8956237,
Sciaena deliciosa,Hyd,661.0792468,
Sciaena deliciosa,Hyd,692.0077033,
Sciaena deliciosa,Hyd,629.5896769,
Sciaena deliciosa,Hyd,695.3221925,
Sciaena deliciosa,Hyd,661.2391428,
Sciaena deliciosa,Hyd,575.6190853,
Sciaena deliciosa,Hyd,681.7901521,
Sciaena deliciosa,Hyd,679.4877046,
Sciaena deliciosa,Hyd,572.8278013,
Sciaena deliciosa,Hyd,670.1040158,
Sciaena deliciosa,Hyd,469.8907406,
Sciaena deliciosa,Hyd,631.1876883,
Sciaena deliciosa,Hyd,639.2243339,
Sciaena deliciosa,Hyd,629.5985577,
Sciaena deliciosa,Hyd,459.0631469,
Sciaena deliciosa,Hyd,590.1071824,
Sciaena deliciosa,Hyd,540.226373,
Sciaena deliciosa,Hyd,529.5118152,
Sciaena deliciosa,Hyd,621.2167491,
Sciaena deliciosa,Hyd,652.2964305,
Sciaena deliciosa,Hyd,576.7031589,
Stellifer minor,Pg1,48.95507458,
Stellifer minor,Pg1,45.95470986,
Stellifer minor,Pg1,44.51576935,
Stellifer minor,Pg1,43.05527321,
Stellifer minor,Pg1,55.86038075,
Stellifer minor,Pg1,54.43419433,
Stellifer minor,Pg1,52.99891612,
Stellifer minor,Pg1,61.42844279,
Stellifer minor,Pg1,79.40689956,
Stellifer minor,Pg1,63.51504988,
Stellifer minor,Pg1,57.87169055,
Stellifer minor,Pg1,45.48369441,
Stellifer minor,Pg1,61.61932552,
Stellifer minor,Pg1,54.3367672,
Stellifer minor,Pg1,67.21343203,
Stellifer minor,Pg1,62.126678,
Stellifer minor,Pg1,59.50434487,
Stellifer minor,Pg1,59.79745203,
Stellifer minor,Pg1,54.79847921,
Stellifer minor,Pg1,56.33873107,
Stellifer minor,Pg1,57.13815659,
Stellifer minor,Pg1,63.85788354,
Stellifer minor,Pg1,60.69281281,
Stellifer minor,Pg1,51.83744112,
Stellifer minor,Pg1,43.09012042,
Stellifer minor,Pg1,63.80323869,
Stellifer minor,Pg1,66.84500459,
Stellifer minor,Pg1,64.01052306,
Stellifer minor,Pg1,59.7010827,
Stellifer minor,Pg1,60.00621188,
Stellifer minor,Pg1,61.15398894,
Stellifer minor,Pg1,56.40795227,
Stellifer minor,Pg1,64.47743216,
Stellifer minor,Pg1,38.77168067,
Stellifer minor,Pg1,60.38536332,
Stellifer minor,Pg1,70.27540447,
Stellifer minor,Pg1,56.30751265,
Stellifer minor,Pg1,60.80255031,
Stellifer minor,Pg1,51.09204896,
Stellifer minor,Pg1,59.79068988,
Stellifer minor,Pg1,53.75199313,
Stellifer minor,Pg1,71.33984223,
Stellifer minor,Pg1,56.580635,
Stellifer minor,Pg1,63.98872294,
Stellifer minor,Pg1,62.0856732,
Stellifer minor,Pg1,41.43659757,
Stellifer minor,Pg1,62.54911575,
Stellifer minor,Pg1,72.76940488,
Stellifer minor,Pg1,63.69705831,
Stellifer minor,Pg1,61.01874604,
Stellifer minor,Pg2,63.76642891,
Stellifer minor,Pg2,63.96180995,
Stellifer minor,Pg2,62.55734745,
Stellifer minor,Pg2,64.64472066,
Stellifer minor,Pg2,82.31388498,
Stellifer minor,Pg2,51.73582499,
Stellifer minor,Pg2,62.16300761,
Stellifer minor,Pg2,63.01146532,
Stellifer minor,Pg2,55.08920887,
Stellifer minor,Pg2,43.65425757,
Stellifer minor,Pg2,60.02668461,
Stellifer minor,Pg2,59.88623946,
Stellifer minor,Pg2,73.84966405,
Stellifer minor,Pg2,51.55133882,
Stellifer minor,Pg2,60.05933828,
Stellifer minor,Pg2,60.03788023,
Stellifer minor,Pg2,68.54303123,
Stellifer minor,Pg2,54.06923467,
Stellifer minor,Pg2,56.96197598,
Stellifer minor,Pg2,73.20805532,
Stellifer minor,Pg2,43.56767968,
Stellifer minor,Pg2,64.82145779,
Stellifer minor,Pg2,60.34774459,
Stellifer minor,Pg2,69.35013886,
Stellifer minor,Pg2,34.18905248,
Stellifer minor,Pg2,71.5095669,
Stellifer minor,Pg2,67.96115325,
Stellifer minor,Pg2,65.50498254,
Stellifer minor,Pg2,70.47138114,
Stellifer minor,Pg2,60.08308041,
Stellifer minor,Pg2,53.81608443,
Stellifer minor,Pg2,65.01550642,
Stellifer minor,Pg2,71.36495354,
Stellifer minor,Pg2,66.94194835,
Stellifer minor,Pg2,62.34312472,
Stellifer minor,Pg2,52.15786362,
Stellifer minor,Pg2,69.63785681,
Stellifer minor,Pg2,72.1078785,
Stellifer minor,Pg2,55.69555335,
Stellifer minor,Pg2,58.30287596,
Stellifer minor,Pg2,53.87770289,
Stellifer minor,Pg2,70.00998168,
Stellifer minor,Pg2,63.07976021,
Stellifer minor,Pg2,56.81206308,
Stellifer minor,Pg2,71.99544353,
Stellifer minor,Pg2,65.07284761,
Stellifer minor,Pg2,85.47560845,
Stellifer minor,Pg2,68.5869787,
Stellifer minor,Pg2,69.67845025,
Stellifer minor,Pg2,57.49388148,
Stellifer minor,CA,71.36170043,
Stellifer minor,CA,89.63758192,
Stellifer minor,CA,76.76131683,
Stellifer minor,CA,65.70084658,
Stellifer minor,CA,60.75413639,
Stellifer minor,CA,48.1563311,
Stellifer minor,CA,121.345788,
Stellifer minor,CA,76.76214241,
Stellifer minor,CA,49.55216573,
Stellifer minor,CA,74.01966151,
Stellifer minor,CA,61.74305273,
Stellifer minor,CA,67.95500324,
Stellifer minor,CA,70.99339796,
Stellifer minor,CA,64.8394969,
Stellifer minor,CA,76.65181889,
Stellifer minor,CA,71.77504569,
Stellifer minor,CA,66.50146802,
Stellifer minor,CA,102.2576262,
Stellifer minor,CA,69.6938823,
Stellifer minor,CA,81.49292505,
Stellifer minor,CA,75.0234092,
Stellifer minor,CA,80.30534505,
Stellifer minor,CA,86.74239014,
Stellifer minor,CA,86.06232091,
Stellifer minor,CA,46.28025025,
Stellifer minor,CA,73.71740414,
Stellifer minor,CA,33.29353721,
Stellifer minor,CA,83.25404985,
Stellifer minor,CA,77.90692401,
Stellifer minor,CA,94.74070238,
Stellifer minor,CA,41.85357164,
Stellifer minor,CA,53.21191934,
Stellifer minor,CA,89.25246009,
Stellifer minor,CA,59.66139825,
Stellifer minor,CA,62.8174788,
Stellifer minor,CA,82.20813029,
Stellifer minor,CA,62.22137376,
Stellifer minor,CA,83.31126031,
Stellifer minor,CA,48.49334711,
Stellifer minor,CA,53.94084759,
Stellifer minor,CA,95.66622953,
Stellifer minor,CA,55.98006392,
Stellifer minor,CA,63.91676376,
Stellifer minor,CA,55.87739154,
Stellifer minor,CA,72.29402554,
Stellifer minor,CA,70.58030992,
Stellifer minor,CA,80.99908044,
Stellifer minor,CA,84.24519352,
Stellifer minor,CA,89.4023561,
Stellifer minor,CA,56.20064311,
Stellifer minor,Vtg1,146.164379,
Stellifer minor,Vtg1,120.7686724,
Stellifer minor,Vtg1,164.8732041,
Stellifer minor,Vtg1,153.9682823,
Stellifer minor,Vtg1,145.4352956,
Stellifer minor,Vtg1,151.5043272,
Stellifer minor,Vtg1,152.8189047,
Stellifer minor,Vtg1,153.2198857,
Stellifer minor,Vtg1,130.6972842,
Stellifer minor,Vtg1,140.9846521,
Stellifer minor,Vtg1,182.4564057,
Stellifer minor,Vtg1,168.3588643,
Stellifer minor,Vtg1,152.295219,
Stellifer minor,Vtg1,171.8300912,
Stellifer minor,Vtg1,131.108002,
Stellifer minor,Vtg1,146.0416725,
Stellifer minor,Vtg1,164.636959,
Stellifer minor,Vtg1,126.4416269,
Stellifer minor,Vtg1,181.3780737,
Stellifer minor,Vtg1,140.2578202,
Stellifer minor,Vtg1,162.3977178,
Stellifer minor,Vtg1,162.5370436,
Stellifer minor,Vtg1,193.4326323,
Stellifer minor,Vtg1,114.5234954,
Stellifer minor,Vtg1,165.6275674,
Stellifer minor,Vtg1,144.92298,
Stellifer minor,Vtg1,146.397762,
Stellifer minor,Vtg1,155.9124865,
Stellifer minor,Vtg1,162.7028333,
Stellifer minor,Vtg1,146.1075101,
Stellifer minor,Vtg1,162.6772248,
Stellifer minor,Vtg1,199.7040493,
Stellifer minor,Vtg1,118.2117223,
Stellifer minor,Vtg1,109.1500002,
Stellifer minor,Vtg1,144.1552941,
Stellifer minor,Vtg1,178.6497838,
Stellifer minor,Vtg1,140.2894511,
Stellifer minor,Vtg1,125.0490761,
Stellifer minor,Vtg1,161.0589684,
Stellifer minor,Vtg1,158.6238479,
Stellifer minor,Vtg1,184.2266646,
Stellifer minor,Vtg1,122.9348544,
Stellifer minor,Vtg1,153.7676323,
Stellifer minor,Vtg1,170.0562227,
Stellifer minor,Vtg1,118.3381662,
Stellifer minor,Vtg1,186.582777,
Stellifer minor,Vtg1,127.5658223,
Stellifer minor,Vtg1,163.0067693,
Stellifer minor,Vtg1,157.6498973,
Stellifer minor,Vtg1,173.7228621,
Stellifer minor,Vtg2,162.8503125,
Stellifer minor,Vtg2,164.2648343,
Stellifer minor,Vtg2,225.7270604,
Stellifer minor,Vtg2,180.0180088,
Stellifer minor,Vtg2,197.6340203,
Stellifer minor,Vtg2,177.8008332,
Stellifer minor,Vtg2,187.6177857,
Stellifer minor,Vtg2,183.3383142,
Stellifer minor,Vtg2,144.4146741,
Stellifer minor,Vtg2,128.930833,
Stellifer minor,Vtg2,191.4532823,
Stellifer minor,Vtg2,157.5704553,
Stellifer minor,Vtg2,167.5900071,
Stellifer minor,Vtg2,157.6762566,
Stellifer minor,Vtg2,124.1413697,
Stellifer minor,Vtg2,188.575518,
Stellifer minor,Vtg2,133.5887677,
Stellifer minor,Vtg2,161.3720426,
Stellifer minor,Vtg2,155.1949536,
Stellifer minor,Vtg2,143.147819,
Stellifer minor,Vtg2,223.278914,
Stellifer minor,Vtg2,196.5378229,
Stellifer minor,Vtg2,165.5244368,
Stellifer minor,Vtg2,155.4209658,
Stellifer minor,Vtg2,181.9383588,
Stellifer minor,Vtg2,157.8853861,
Stellifer minor,Vtg2,211.0334214,
Stellifer minor,Vtg2,199.42546,
Stellifer minor,Vtg2,201.5693547,
Stellifer minor,Vtg2,159.8902327,
Stellifer minor,Vtg2,162.4626548,
Stellifer minor,Vtg2,146.9603482,
Stellifer minor,Vtg2,92.14653445,
Stellifer minor,Vtg2,155.9667803,
Stellifer minor,Vtg2,196.6093822,
Stellifer minor,Vtg2,166.7628272,
Stellifer minor,Vtg2,164.2417384,
Stellifer minor,Vtg2,158.469498,
Stellifer minor,Vtg2,148.6188751,
Stellifer minor,Vtg2,158.4213308,
Stellifer minor,Vtg2,177.6744979,
Stellifer minor,Vtg2,147.7670635,
Stellifer minor,Vtg2,196.0523007,
Stellifer minor,Vtg2,156.3256287,
Stellifer minor,Vtg2,156.8021958,
Stellifer minor,Vtg2,171.7469919,
Stellifer minor,Vtg2,158.2079512,
Stellifer minor,Vtg2,199.9037518,
Stellifer minor,Vtg2,140.1275399,
Stellifer minor,Vtg2,182.891557,
Stellifer minor,Vtg3,151.9861433,
Stellifer minor,Vtg3,255.0567325,
Stellifer minor,Vtg3,228.5415964,
Stellifer minor,Vtg3,120.1141367,
Stellifer minor,Vtg3,159.6354114,
Stellifer minor,Vtg3,249.1611645,
Stellifer minor,Vtg3,216.4462459,
Stellifer minor,Vtg3,188.2137803,
Stellifer minor,Vtg3,174.9029335,
Stellifer minor,Vtg3,264.3829745,
Stellifer minor,Vtg3,137.2843797,
Stellifer minor,Vtg3,161.2682377,
Stellifer minor,Vtg3,214.617078,
Stellifer minor,Vtg3,130.0509678,
Stellifer minor,Vtg3,193.3939929,
Stellifer minor,Vtg3,192.3909265,
Stellifer minor,Vtg3,103.6887656,
Stellifer minor,Vtg3,136.6527119,
Stellifer minor,Vtg3,197.4501173,
Stellifer minor,Vtg3,319.0254204,
Stellifer minor,Vtg3,234.8125056,
Stellifer minor,Vtg3,235.7894511,
Stellifer minor,Vtg3,164.8123733,
Stellifer minor,Vtg3,273.3739018,
Stellifer minor,Vtg3,242.860341,
Stellifer minor,Vtg3,299.1180937,
Stellifer minor,Vtg3,286.3849105,
Stellifer minor,Vtg3,274.8458895,
Stellifer minor,Vtg3,160.9052613,
Stellifer minor,Vtg3,228.4396316,
Stellifer minor,Vtg3,246.4615159,
Stellifer minor,Vtg3,242.8110423,
Stellifer minor,Vtg3,122.3627786,
Stellifer minor,Vtg3,191.3052281,
Stellifer minor,Vtg3,302.2403276,
Stellifer minor,Vtg3,199.8519567,
Stellifer minor,Vtg3,263.7315182,
Stellifer minor,Vtg3,214.1960549,
Stellifer minor,Vtg3,146.5159014,
Stellifer minor,Vtg3,279.4987972,
Stellifer minor,Vtg3,262.5446413,
Stellifer minor,Vtg3,221.9527831,
Stellifer minor,Vtg3,228.5131905,
Stellifer minor,Vtg3,308.1607098,
Stellifer minor,Vtg3,218.6468561,
Stellifer minor,Vtg3,248.122868,
Stellifer minor,Vtg3,316.6120494,
Stellifer minor,Vtg3,228.1356118,
Stellifer minor,Vtg3,291.0811969,
Stellifer minor,Vtg3,178.9051971,
Stellifer minor,Vtg4,255.8781895,
Stellifer minor,Vtg4,389.3730764,
Stellifer minor,Vtg4,138.1033613,
Stellifer minor,Vtg4,321.5772829,
Stellifer minor,Vtg4,384.9194507,
Stellifer minor,Vtg4,294.738481,
Stellifer minor,Vtg4,267.5693515,
Stellifer minor,Vtg4,299.2856379,
Stellifer minor,Vtg4,291.7298698,
Stellifer minor,Vtg4,262.7857634,
Stellifer minor,Vtg4,495.7509589,
Stellifer minor,Vtg4,380.6993196,
Stellifer minor,Vtg4,292.4553283,
Stellifer minor,Vtg4,443.4146794,
Stellifer minor,Vtg4,379.7985135,
Stellifer minor,Vtg4,237.839609,
Stellifer minor,Vtg4,206.026642,
Stellifer minor,Vtg4,282.4688671,
Stellifer minor,Vtg4,173.3788001,
Stellifer minor,Vtg4,455.0584417,
Stellifer minor,Vtg4,297.6355438,
Stellifer minor,Vtg4,339.2676101,
Stellifer minor,Vtg4,213.311745,
Stellifer minor,Vtg4,326.384657,
Stellifer minor,Vtg4,391.3784959,
Stellifer minor,Vtg4,214.6621813,
Stellifer minor,Vtg4,224.7108569,
Stellifer minor,Vtg4,316.2425533,
Stellifer minor,Vtg4,358.911283,
Stellifer minor,Vtg4,272.078262,
Stellifer minor,Vtg4,258.272269,
Stellifer minor,Vtg4,400.9846527,
Stellifer minor,Vtg4,265.5482898,
Stellifer minor,Vtg4,174.0222327,
Stellifer minor,Vtg4,329.9046789,
Stellifer minor,Vtg4,402.8473094,
Stellifer minor,Vtg4,332.0796319,
Stellifer minor,Vtg4,332.7436363,
Stellifer minor,Vtg4,395.735695,
Stellifer minor,Vtg4,331.9233962,
Stellifer minor,Vtg4,347.2346417,
Stellifer minor,Vtg4,448.0894515,
Stellifer minor,Vtg4,328.4508324,
Stellifer minor,Vtg4,236.851715,
Stellifer minor,Vtg4,325.0309163,
Stellifer minor,Vtg4,216.3419703,
Stellifer minor,Vtg4,257.271466,
Stellifer minor,Vtg4,349.7227817,
Stellifer minor,Vtg4,300.8120474,
Stellifer minor,Vtg4,388.1764308,
Stellifer minor,GVM,367.3798369,
Stellifer minor,GVM,313.9557073,
Stellifer minor,GVM,304.3053753,
Stellifer minor,GVM,310.404433,
Stellifer minor,GVM,289.267694,
Stellifer minor,GVM,312.9614822,
Stellifer minor,GVM,407.5830191,
Stellifer minor,GVM,298.7482593,
Stellifer minor,GVM,441.7235576,
Stellifer minor,GVM,289.7422431,
Stellifer minor,GVM,287.4874457,
Stellifer minor,GVM,419.2311108,
Stellifer minor,GVM,209.282748,
Stellifer minor,GVM,194.6855871,
Stellifer minor,GVM,391.4707994,
Stellifer minor,GVM,244.1864774,
Stellifer minor,GVM,281.2378182,
Stellifer minor,GVM,327.558862,
Stellifer minor,GVM,188.8116784,
Stellifer minor,GVM,309.0401759,
Stellifer minor,GVM,252.9609731,
Stellifer minor,GVM,427.1481328,
Stellifer minor,GVM,367.2011529,
Stellifer minor,GVM,235.8755299,
Stellifer minor,GVM,336.7096833,
Stellifer minor,GVM,360.1943155,
Stellifer minor,GVM,230.2954321,
Stellifer minor,GVM,377.8457923,
Stellifer minor,GVM,196.9695321,
Stellifer minor,GVM,263.4840859,
Stellifer minor,GVM,426.4119641,
Stellifer minor,GVM,309.7110435,
Stellifer minor,GVM,354.77815,
Stellifer minor,GVM,411.7082343,
Stellifer minor,GVM,264.819327,
Stellifer minor,GVM,358.0866684,
Stellifer minor,GVM,246.7792843,
Stellifer minor,GVM,288.2852267,
Stellifer minor,GVM,200.1239236,
Stellifer minor,GVM,320.7771436,
Stellifer minor,GVM,285.3148965,
Stellifer minor,GVM,285.8305018,
Stellifer minor,GVM,272.5557341,
Stellifer minor,GVM,259.0911236,
Stellifer minor,GVM,236.5972479,
Stellifer minor,GVM,303.8809183,
Stellifer minor,GVM,386.0626112,
Stellifer minor,GVM,224.8826857,
Stellifer minor,GVM,350.6189106,
Stellifer minor,GVM,255.8598528,
Stellifer minor,Hyd,532.0199333,
Stellifer minor,Hyd,645.1804242,
Stellifer minor,Hyd,620.4387347,
Stellifer minor,Hyd,541.6944355,
Stellifer minor,Hyd,489.1897976,
Stellifer minor,Hyd,491.9011796,
Stellifer minor,Hyd,696.3264415,
Stellifer minor,Hyd,510.2286714,
Stellifer minor,Hyd,615.6481927,
Stellifer minor,Hyd,702.4542554,
Stellifer minor,Hyd,457.506436,
Stellifer minor,Hyd,695.4363777,
Stellifer minor,Hyd,586.7446058,
Stellifer minor,Hyd,565.0498939,
Stellifer minor,Hyd,380.7938584,
Stellifer minor,Hyd,578.2808977,
Stellifer minor,Hyd,535.4640933,
Stellifer minor,Hyd,524.3361131,
Stellifer minor,Hyd,561.3757163,
Stellifer minor,Hyd,556.1823269,
Stellifer minor,Hyd,603.6073323,
Stellifer minor,Hyd,609.5304407,
Stellifer minor,Hyd,475.5516388,
Stellifer minor,Hyd,529.1269482,
Stellifer minor,Hyd,445.1940043,
Stellifer minor,Hyd,576.0204742,
Stellifer minor,Hyd,680.1744608,
Stellifer minor,Hyd,607.9322551,
Stellifer minor,Hyd,589.3452063,
Stellifer minor,Hyd,521.947028,
Stellifer minor,Hyd,673.9126862,
Stellifer minor,Hyd,571.9386244,
Stellifer minor,Hyd,617.0432344,
Stellifer minor,Hyd,571.780572,
Stellifer minor,Hyd,690.9901458,
Stellifer minor,Hyd,434.6792513,
Stellifer minor,Hyd,534.3376401,
Stellifer minor,Hyd,599.7870587,
Stellifer minor,Hyd,552.3567222,
Stellifer minor,Hyd,520.0752916,
Stellifer minor,Hyd,475.0144308,
Stellifer minor,Hyd,498.0788131,
Stellifer minor,Hyd,593.835649,
Stellifer minor,Hyd,671.0488047,
Stellifer minor,Hyd,585.6005854,
Stellifer minor,Hyd,674.2869298,
Stellifer minor,Hyd,482.5775777,
Stellifer minor,Hyd,558.5925368,
Stellifer minor,Hyd,687.3058289,
Stellifer minor,Hyd,500.1825346,
